Copyright 1986-2022 Xilinx, Inc. All Rights Reserved. Copyright 2022-2025 Advanced Micro Devices, Inc. All Rights Reserved.
--------------------------------------------------------------------------------------------------------------------------------------------------------------------------------------------------------
| Tool Version : Vivado v.2025.1 (win64) Build 6140274 Thu May 22 00:12:29 MDT 2025
| Date         : Sat May  2 20:04:44 2026
| Host         : HuynhNToai running 64-bit major release  (build 9200)
| Command      : report_methodology -file MatrixMult4x4_pipeline_methodology_drc_routed.rpt -pb MatrixMult4x4_pipeline_methodology_drc_routed.pb -rpx MatrixMult4x4_pipeline_methodology_drc_routed.rpx
| Design       : MatrixMult4x4_pipeline
| Device       : xc7a100tcsg324-1
| Speed File   : -1
| Design State : Fully Routed
--------------------------------------------------------------------------------------------------------------------------------------------------------------------------------------------------------

Report Methodology

Table of Contents
-----------------
1. REPORT SUMMARY
2. REPORT DETAILS

1. REPORT SUMMARY
-----------------
            Netlist: netlist
          Floorplan: design_1
      Design limits: <entire design considered>
             Max checks: <unlimited>
             Checks found: 771
+-----------+----------+-------------------------------+--------+
| Rule      | Severity | Description                   | Checks |
+-----------+----------+-------------------------------+--------+
| TIMING-18 | Warning  | Missing input or output delay | 771    |
+-----------+----------+-------------------------------+--------+

2. REPORT DETAILS
-----------------
TIMING-18#1 Warning
Missing input or output delay  
An input delay is missing on matrix_a[0] relative to the rising and/or falling clock edge(s) of clk.
Related violations: <none>

TIMING-18#2 Warning
Missing input or output delay  
An input delay is missing on matrix_a[100] relative to the rising and/or falling clock edge(s) of clk.
Related violations: <none>

TIMING-18#3 Warning
Missing input or output delay  
An input delay is missing on matrix_a[101] relative to the rising and/or falling clock edge(s) of clk.
Related violations: <none>

TIMING-18#4 Warning
Missing input or output delay  
An input delay is missing on matrix_a[102] relative to the rising and/or falling clock edge(s) of clk.
Related violations: <none>

TIMING-18#5 Warning
Missing input or output delay  
An input delay is missing on matrix_a[103] relative to the rising and/or falling clock edge(s) of clk.
Related violations: <none>

TIMING-18#6 Warning
Missing input or output delay  
An input delay is missing on matrix_a[104] relative to the rising and/or falling clock edge(s) of clk.
Related violations: <none>

TIMING-18#7 Warning
Missing input or output delay  
An input delay is missing on matrix_a[105] relative to the rising and/or falling clock edge(s) of clk.
Related violations: <none>

TIMING-18#8 Warning
Missing input or output delay  
An input delay is missing on matrix_a[106] relative to the rising and/or falling clock edge(s) of clk.
Related violations: <none>

TIMING-18#9 Warning
Missing input or output delay  
An input delay is missing on matrix_a[107] relative to the rising and/or falling clock edge(s) of clk.
Related violations: <none>

TIMING-18#10 Warning
Missing input or output delay  
An input delay is missing on matrix_a[108] relative to the rising and/or falling clock edge(s) of clk.
Related violations: <none>

TIMING-18#11 Warning
Missing input or output delay  
An input delay is missing on matrix_a[109] relative to the rising and/or falling clock edge(s) of clk.
Related violations: <none>

TIMING-18#12 Warning
Missing input or output delay  
An input delay is missing on matrix_a[10] relative to the rising and/or falling clock edge(s) of clk.
Related violations: <none>

TIMING-18#13 Warning
Missing input or output delay  
An input delay is missing on matrix_a[110] relative to the rising and/or falling clock edge(s) of clk.
Related violations: <none>

TIMING-18#14 Warning
Missing input or output delay  
An input delay is missing on matrix_a[111] relative to the rising and/or falling clock edge(s) of clk.
Related violations: <none>

TIMING-18#15 Warning
Missing input or output delay  
An input delay is missing on matrix_a[112] relative to the rising and/or falling clock edge(s) of clk.
Related violations: <none>

TIMING-18#16 Warning
Missing input or output delay  
An input delay is missing on matrix_a[113] relative to the rising and/or falling clock edge(s) of clk.
Related violations: <none>

TIMING-18#17 Warning
Missing input or output delay  
An input delay is missing on matrix_a[114] relative to the rising and/or falling clock edge(s) of clk.
Related violations: <none>

TIMING-18#18 Warning
Missing input or output delay  
An input delay is missing on matrix_a[115] relative to the rising and/or falling clock edge(s) of clk.
Related violations: <none>

TIMING-18#19 Warning
Missing input or output delay  
An input delay is missing on matrix_a[116] relative to the rising and/or falling clock edge(s) of clk.
Related violations: <none>

TIMING-18#20 Warning
Missing input or output delay  
An input delay is missing on matrix_a[117] relative to the rising and/or falling clock edge(s) of clk.
Related violations: <none>

TIMING-18#21 Warning
Missing input or output delay  
An input delay is missing on matrix_a[118] relative to the rising and/or falling clock edge(s) of clk.
Related violations: <none>

TIMING-18#22 Warning
Missing input or output delay  
An input delay is missing on matrix_a[119] relative to the rising and/or falling clock edge(s) of clk.
Related violations: <none>

TIMING-18#23 Warning
Missing input or output delay  
An input delay is missing on matrix_a[11] relative to the rising and/or falling clock edge(s) of clk.
Related violations: <none>

TIMING-18#24 Warning
Missing input or output delay  
An input delay is missing on matrix_a[120] relative to the rising and/or falling clock edge(s) of clk.
Related violations: <none>

TIMING-18#25 Warning
Missing input or output delay  
An input delay is missing on matrix_a[121] relative to the rising and/or falling clock edge(s) of clk.
Related violations: <none>

TIMING-18#26 Warning
Missing input or output delay  
An input delay is missing on matrix_a[122] relative to the rising and/or falling clock edge(s) of clk.
Related violations: <none>

TIMING-18#27 Warning
Missing input or output delay  
An input delay is missing on matrix_a[123] relative to the rising and/or falling clock edge(s) of clk.
Related violations: <none>

TIMING-18#28 Warning
Missing input or output delay  
An input delay is missing on matrix_a[124] relative to the rising and/or falling clock edge(s) of clk.
Related violations: <none>

TIMING-18#29 Warning
Missing input or output delay  
An input delay is missing on matrix_a[125] relative to the rising and/or falling clock edge(s) of clk.
Related violations: <none>

TIMING-18#30 Warning
Missing input or output delay  
An input delay is missing on matrix_a[126] relative to the rising and/or falling clock edge(s) of clk.
Related violations: <none>

TIMING-18#31 Warning
Missing input or output delay  
An input delay is missing on matrix_a[127] relative to the rising and/or falling clock edge(s) of clk.
Related violations: <none>

TIMING-18#32 Warning
Missing input or output delay  
An input delay is missing on matrix_a[12] relative to the rising and/or falling clock edge(s) of clk.
Related violations: <none>

TIMING-18#33 Warning
Missing input or output delay  
An input delay is missing on matrix_a[13] relative to the rising and/or falling clock edge(s) of clk.
Related violations: <none>

TIMING-18#34 Warning
Missing input or output delay  
An input delay is missing on matrix_a[14] relative to the rising and/or falling clock edge(s) of clk.
Related violations: <none>

TIMING-18#35 Warning
Missing input or output delay  
An input delay is missing on matrix_a[15] relative to the rising and/or falling clock edge(s) of clk.
Related violations: <none>

TIMING-18#36 Warning
Missing input or output delay  
An input delay is missing on matrix_a[16] relative to the rising and/or falling clock edge(s) of clk.
Related violations: <none>

TIMING-18#37 Warning
Missing input or output delay  
An input delay is missing on matrix_a[17] relative to the rising and/or falling clock edge(s) of clk.
Related violations: <none>

TIMING-18#38 Warning
Missing input or output delay  
An input delay is missing on matrix_a[18] relative to the rising and/or falling clock edge(s) of clk.
Related violations: <none>

TIMING-18#39 Warning
Missing input or output delay  
An input delay is missing on matrix_a[19] relative to the rising and/or falling clock edge(s) of clk.
Related violations: <none>

TIMING-18#40 Warning
Missing input or output delay  
An input delay is missing on matrix_a[1] relative to the rising and/or falling clock edge(s) of clk.
Related violations: <none>

TIMING-18#41 Warning
Missing input or output delay  
An input delay is missing on matrix_a[20] relative to the rising and/or falling clock edge(s) of clk.
Related violations: <none>

TIMING-18#42 Warning
Missing input or output delay  
An input delay is missing on matrix_a[21] relative to the rising and/or falling clock edge(s) of clk.
Related violations: <none>

TIMING-18#43 Warning
Missing input or output delay  
An input delay is missing on matrix_a[22] relative to the rising and/or falling clock edge(s) of clk.
Related violations: <none>

TIMING-18#44 Warning
Missing input or output delay  
An input delay is missing on matrix_a[23] relative to the rising and/or falling clock edge(s) of clk.
Related violations: <none>

TIMING-18#45 Warning
Missing input or output delay  
An input delay is missing on matrix_a[24] relative to the rising and/or falling clock edge(s) of clk.
Related violations: <none>

TIMING-18#46 Warning
Missing input or output delay  
An input delay is missing on matrix_a[25] relative to the rising and/or falling clock edge(s) of clk.
Related violations: <none>

TIMING-18#47 Warning
Missing input or output delay  
An input delay is missing on matrix_a[26] relative to the rising and/or falling clock edge(s) of clk.
Related violations: <none>

TIMING-18#48 Warning
Missing input or output delay  
An input delay is missing on matrix_a[27] relative to the rising and/or falling clock edge(s) of clk.
Related violations: <none>

TIMING-18#49 Warning
Missing input or output delay  
An input delay is missing on matrix_a[28] relative to the rising and/or falling clock edge(s) of clk.
Related violations: <none>

TIMING-18#50 Warning
Missing input or output delay  
An input delay is missing on matrix_a[29] relative to the rising and/or falling clock edge(s) of clk.
Related violations: <none>

TIMING-18#51 Warning
Missing input or output delay  
An input delay is missing on matrix_a[2] relative to the rising and/or falling clock edge(s) of clk.
Related violations: <none>

TIMING-18#52 Warning
Missing input or output delay  
An input delay is missing on matrix_a[30] relative to the rising and/or falling clock edge(s) of clk.
Related violations: <none>

TIMING-18#53 Warning
Missing input or output delay  
An input delay is missing on matrix_a[31] relative to the rising and/or falling clock edge(s) of clk.
Related violations: <none>

TIMING-18#54 Warning
Missing input or output delay  
An input delay is missing on matrix_a[32] relative to the rising and/or falling clock edge(s) of clk.
Related violations: <none>

TIMING-18#55 Warning
Missing input or output delay  
An input delay is missing on matrix_a[33] relative to the rising and/or falling clock edge(s) of clk.
Related violations: <none>

TIMING-18#56 Warning
Missing input or output delay  
An input delay is missing on matrix_a[34] relative to the rising and/or falling clock edge(s) of clk.
Related violations: <none>

TIMING-18#57 Warning
Missing input or output delay  
An input delay is missing on matrix_a[35] relative to the rising and/or falling clock edge(s) of clk.
Related violations: <none>

TIMING-18#58 Warning
Missing input or output delay  
An input delay is missing on matrix_a[36] relative to the rising and/or falling clock edge(s) of clk.
Related violations: <none>

TIMING-18#59 Warning
Missing input or output delay  
An input delay is missing on matrix_a[37] relative to the rising and/or falling clock edge(s) of clk.
Related violations: <none>

TIMING-18#60 Warning
Missing input or output delay  
An input delay is missing on matrix_a[38] relative to the rising and/or falling clock edge(s) of clk.
Related violations: <none>

TIMING-18#61 Warning
Missing input or output delay  
An input delay is missing on matrix_a[39] relative to the rising and/or falling clock edge(s) of clk.
Related violations: <none>

TIMING-18#62 Warning
Missing input or output delay  
An input delay is missing on matrix_a[3] relative to the rising and/or falling clock edge(s) of clk.
Related violations: <none>

TIMING-18#63 Warning
Missing input or output delay  
An input delay is missing on matrix_a[40] relative to the rising and/or falling clock edge(s) of clk.
Related violations: <none>

TIMING-18#64 Warning
Missing input or output delay  
An input delay is missing on matrix_a[41] relative to the rising and/or falling clock edge(s) of clk.
Related violations: <none>

TIMING-18#65 Warning
Missing input or output delay  
An input delay is missing on matrix_a[42] relative to the rising and/or falling clock edge(s) of clk.
Related violations: <none>

TIMING-18#66 Warning
Missing input or output delay  
An input delay is missing on matrix_a[43] relative to the rising and/or falling clock edge(s) of clk.
Related violations: <none>

TIMING-18#67 Warning
Missing input or output delay  
An input delay is missing on matrix_a[44] relative to the rising and/or falling clock edge(s) of clk.
Related violations: <none>

TIMING-18#68 Warning
Missing input or output delay  
An input delay is missing on matrix_a[45] relative to the rising and/or falling clock edge(s) of clk.
Related violations: <none>

TIMING-18#69 Warning
Missing input or output delay  
An input delay is missing on matrix_a[46] relative to the rising and/or falling clock edge(s) of clk.
Related violations: <none>

TIMING-18#70 Warning
Missing input or output delay  
An input delay is missing on matrix_a[47] relative to the rising and/or falling clock edge(s) of clk.
Related violations: <none>

TIMING-18#71 Warning
Missing input or output delay  
An input delay is missing on matrix_a[48] relative to the rising and/or falling clock edge(s) of clk.
Related violations: <none>

TIMING-18#72 Warning
Missing input or output delay  
An input delay is missing on matrix_a[49] relative to the rising and/or falling clock edge(s) of clk.
Related violations: <none>

TIMING-18#73 Warning
Missing input or output delay  
An input delay is missing on matrix_a[4] relative to the rising and/or falling clock edge(s) of clk.
Related violations: <none>

TIMING-18#74 Warning
Missing input or output delay  
An input delay is missing on matrix_a[50] relative to the rising and/or falling clock edge(s) of clk.
Related violations: <none>

TIMING-18#75 Warning
Missing input or output delay  
An input delay is missing on matrix_a[51] relative to the rising and/or falling clock edge(s) of clk.
Related violations: <none>

TIMING-18#76 Warning
Missing input or output delay  
An input delay is missing on matrix_a[52] relative to the rising and/or falling clock edge(s) of clk.
Related violations: <none>

TIMING-18#77 Warning
Missing input or output delay  
An input delay is missing on matrix_a[53] relative to the rising and/or falling clock edge(s) of clk.
Related violations: <none>

TIMING-18#78 Warning
Missing input or output delay  
An input delay is missing on matrix_a[54] relative to the rising and/or falling clock edge(s) of clk.
Related violations: <none>

TIMING-18#79 Warning
Missing input or output delay  
An input delay is missing on matrix_a[55] relative to the rising and/or falling clock edge(s) of clk.
Related violations: <none>

TIMING-18#80 Warning
Missing input or output delay  
An input delay is missing on matrix_a[56] relative to the rising and/or falling clock edge(s) of clk.
Related violations: <none>

TIMING-18#81 Warning
Missing input or output delay  
An input delay is missing on matrix_a[57] relative to the rising and/or falling clock edge(s) of clk.
Related violations: <none>

TIMING-18#82 Warning
Missing input or output delay  
An input delay is missing on matrix_a[58] relative to the rising and/or falling clock edge(s) of clk.
Related violations: <none>

TIMING-18#83 Warning
Missing input or output delay  
An input delay is missing on matrix_a[59] relative to the rising and/or falling clock edge(s) of clk.
Related violations: <none>

TIMING-18#84 Warning
Missing input or output delay  
An input delay is missing on matrix_a[5] relative to the rising and/or falling clock edge(s) of clk.
Related violations: <none>

TIMING-18#85 Warning
Missing input or output delay  
An input delay is missing on matrix_a[60] relative to the rising and/or falling clock edge(s) of clk.
Related violations: <none>

TIMING-18#86 Warning
Missing input or output delay  
An input delay is missing on matrix_a[61] relative to the rising and/or falling clock edge(s) of clk.
Related violations: <none>

TIMING-18#87 Warning
Missing input or output delay  
An input delay is missing on matrix_a[62] relative to the rising and/or falling clock edge(s) of clk.
Related violations: <none>

TIMING-18#88 Warning
Missing input or output delay  
An input delay is missing on matrix_a[63] relative to the rising and/or falling clock edge(s) of clk.
Related violations: <none>

TIMING-18#89 Warning
Missing input or output delay  
An input delay is missing on matrix_a[64] relative to the rising and/or falling clock edge(s) of clk.
Related violations: <none>

TIMING-18#90 Warning
Missing input or output delay  
An input delay is missing on matrix_a[65] relative to the rising and/or falling clock edge(s) of clk.
Related violations: <none>

TIMING-18#91 Warning
Missing input or output delay  
An input delay is missing on matrix_a[66] relative to the rising and/or falling clock edge(s) of clk.
Related violations: <none>

TIMING-18#92 Warning
Missing input or output delay  
An input delay is missing on matrix_a[67] relative to the rising and/or falling clock edge(s) of clk.
Related violations: <none>

TIMING-18#93 Warning
Missing input or output delay  
An input delay is missing on matrix_a[68] relative to the rising and/or falling clock edge(s) of clk.
Related violations: <none>

TIMING-18#94 Warning
Missing input or output delay  
An input delay is missing on matrix_a[69] relative to the rising and/or falling clock edge(s) of clk.
Related violations: <none>

TIMING-18#95 Warning
Missing input or output delay  
An input delay is missing on matrix_a[6] relative to the rising and/or falling clock edge(s) of clk.
Related violations: <none>

TIMING-18#96 Warning
Missing input or output delay  
An input delay is missing on matrix_a[70] relative to the rising and/or falling clock edge(s) of clk.
Related violations: <none>

TIMING-18#97 Warning
Missing input or output delay  
An input delay is missing on matrix_a[71] relative to the rising and/or falling clock edge(s) of clk.
Related violations: <none>

TIMING-18#98 Warning
Missing input or output delay  
An input delay is missing on matrix_a[72] relative to the rising and/or falling clock edge(s) of clk.
Related violations: <none>

TIMING-18#99 Warning
Missing input or output delay  
An input delay is missing on matrix_a[73] relative to the rising and/or falling clock edge(s) of clk.
Related violations: <none>

TIMING-18#100 Warning
Missing input or output delay  
An input delay is missing on matrix_a[74] relative to the rising and/or falling clock edge(s) of clk.
Related violations: <none>

TIMING-18#101 Warning
Missing input or output delay  
An input delay is missing on matrix_a[75] relative to the rising and/or falling clock edge(s) of clk.
Related violations: <none>

TIMING-18#102 Warning
Missing input or output delay  
An input delay is missing on matrix_a[76] relative to the rising and/or falling clock edge(s) of clk.
Related violations: <none>

TIMING-18#103 Warning
Missing input or output delay  
An input delay is missing on matrix_a[77] relative to the rising and/or falling clock edge(s) of clk.
Related violations: <none>

TIMING-18#104 Warning
Missing input or output delay  
An input delay is missing on matrix_a[78] relative to the rising and/or falling clock edge(s) of clk.
Related violations: <none>

TIMING-18#105 Warning
Missing input or output delay  
An input delay is missing on matrix_a[79] relative to the rising and/or falling clock edge(s) of clk.
Related violations: <none>

TIMING-18#106 Warning
Missing input or output delay  
An input delay is missing on matrix_a[7] relative to the rising and/or falling clock edge(s) of clk.
Related violations: <none>

TIMING-18#107 Warning
Missing input or output delay  
An input delay is missing on matrix_a[80] relative to the rising and/or falling clock edge(s) of clk.
Related violations: <none>

TIMING-18#108 Warning
Missing input or output delay  
An input delay is missing on matrix_a[81] relative to the rising and/or falling clock edge(s) of clk.
Related violations: <none>

TIMING-18#109 Warning
Missing input or output delay  
An input delay is missing on matrix_a[82] relative to the rising and/or falling clock edge(s) of clk.
Related violations: <none>

TIMING-18#110 Warning
Missing input or output delay  
An input delay is missing on matrix_a[83] relative to the rising and/or falling clock edge(s) of clk.
Related violations: <none>

TIMING-18#111 Warning
Missing input or output delay  
An input delay is missing on matrix_a[84] relative to the rising and/or falling clock edge(s) of clk.
Related violations: <none>

TIMING-18#112 Warning
Missing input or output delay  
An input delay is missing on matrix_a[85] relative to the rising and/or falling clock edge(s) of clk.
Related violations: <none>

TIMING-18#113 Warning
Missing input or output delay  
An input delay is missing on matrix_a[86] relative to the rising and/or falling clock edge(s) of clk.
Related violations: <none>

TIMING-18#114 Warning
Missing input or output delay  
An input delay is missing on matrix_a[87] relative to the rising and/or falling clock edge(s) of clk.
Related violations: <none>

TIMING-18#115 Warning
Missing input or output delay  
An input delay is missing on matrix_a[88] relative to the rising and/or falling clock edge(s) of clk.
Related violations: <none>

TIMING-18#116 Warning
Missing input or output delay  
An input delay is missing on matrix_a[89] relative to the rising and/or falling clock edge(s) of clk.
Related violations: <none>

TIMING-18#117 Warning
Missing input or output delay  
An input delay is missing on matrix_a[8] relative to the rising and/or falling clock edge(s) of clk.
Related violations: <none>

TIMING-18#118 Warning
Missing input or output delay  
An input delay is missing on matrix_a[90] relative to the rising and/or falling clock edge(s) of clk.
Related violations: <none>

TIMING-18#119 Warning
Missing input or output delay  
An input delay is missing on matrix_a[91] relative to the rising and/or falling clock edge(s) of clk.
Related violations: <none>

TIMING-18#120 Warning
Missing input or output delay  
An input delay is missing on matrix_a[92] relative to the rising and/or falling clock edge(s) of clk.
Related violations: <none>

TIMING-18#121 Warning
Missing input or output delay  
An input delay is missing on matrix_a[93] relative to the rising and/or falling clock edge(s) of clk.
Related violations: <none>

TIMING-18#122 Warning
Missing input or output delay  
An input delay is missing on matrix_a[94] relative to the rising and/or falling clock edge(s) of clk.
Related violations: <none>

TIMING-18#123 Warning
Missing input or output delay  
An input delay is missing on matrix_a[95] relative to the rising and/or falling clock edge(s) of clk.
Related violations: <none>

TIMING-18#124 Warning
Missing input or output delay  
An input delay is missing on matrix_a[96] relative to the rising and/or falling clock edge(s) of clk.
Related violations: <none>

TIMING-18#125 Warning
Missing input or output delay  
An input delay is missing on matrix_a[97] relative to the rising and/or falling clock edge(s) of clk.
Related violations: <none>

TIMING-18#126 Warning
Missing input or output delay  
An input delay is missing on matrix_a[98] relative to the rising and/or falling clock edge(s) of clk.
Related violations: <none>

TIMING-18#127 Warning
Missing input or output delay  
An input delay is missing on matrix_a[99] relative to the rising and/or falling clock edge(s) of clk.
Related violations: <none>

TIMING-18#128 Warning
Missing input or output delay  
An input delay is missing on matrix_a[9] relative to the rising and/or falling clock edge(s) of clk.
Related violations: <none>

TIMING-18#129 Warning
Missing input or output delay  
An input delay is missing on matrix_b[0] relative to the rising and/or falling clock edge(s) of clk.
Related violations: <none>

TIMING-18#130 Warning
Missing input or output delay  
An input delay is missing on matrix_b[100] relative to the rising and/or falling clock edge(s) of clk.
Related violations: <none>

TIMING-18#131 Warning
Missing input or output delay  
An input delay is missing on matrix_b[101] relative to the rising and/or falling clock edge(s) of clk.
Related violations: <none>

TIMING-18#132 Warning
Missing input or output delay  
An input delay is missing on matrix_b[102] relative to the rising and/or falling clock edge(s) of clk.
Related violations: <none>

TIMING-18#133 Warning
Missing input or output delay  
An input delay is missing on matrix_b[103] relative to the rising and/or falling clock edge(s) of clk.
Related violations: <none>

TIMING-18#134 Warning
Missing input or output delay  
An input delay is missing on matrix_b[104] relative to the rising and/or falling clock edge(s) of clk.
Related violations: <none>

TIMING-18#135 Warning
Missing input or output delay  
An input delay is missing on matrix_b[105] relative to the rising and/or falling clock edge(s) of clk.
Related violations: <none>

TIMING-18#136 Warning
Missing input or output delay  
An input delay is missing on matrix_b[106] relative to the rising and/or falling clock edge(s) of clk.
Related violations: <none>

TIMING-18#137 Warning
Missing input or output delay  
An input delay is missing on matrix_b[107] relative to the rising and/or falling clock edge(s) of clk.
Related violations: <none>

TIMING-18#138 Warning
Missing input or output delay  
An input delay is missing on matrix_b[108] relative to the rising and/or falling clock edge(s) of clk.
Related violations: <none>

TIMING-18#139 Warning
Missing input or output delay  
An input delay is missing on matrix_b[109] relative to the rising and/or falling clock edge(s) of clk.
Related violations: <none>

TIMING-18#140 Warning
Missing input or output delay  
An input delay is missing on matrix_b[10] relative to the rising and/or falling clock edge(s) of clk.
Related violations: <none>

TIMING-18#141 Warning
Missing input or output delay  
An input delay is missing on matrix_b[110] relative to the rising and/or falling clock edge(s) of clk.
Related violations: <none>

TIMING-18#142 Warning
Missing input or output delay  
An input delay is missing on matrix_b[111] relative to the rising and/or falling clock edge(s) of clk.
Related violations: <none>

TIMING-18#143 Warning
Missing input or output delay  
An input delay is missing on matrix_b[112] relative to the rising and/or falling clock edge(s) of clk.
Related violations: <none>

TIMING-18#144 Warning
Missing input or output delay  
An input delay is missing on matrix_b[113] relative to the rising and/or falling clock edge(s) of clk.
Related violations: <none>

TIMING-18#145 Warning
Missing input or output delay  
An input delay is missing on matrix_b[114] relative to the rising and/or falling clock edge(s) of clk.
Related violations: <none>

TIMING-18#146 Warning
Missing input or output delay  
An input delay is missing on matrix_b[115] relative to the rising and/or falling clock edge(s) of clk.
Related violations: <none>

TIMING-18#147 Warning
Missing input or output delay  
An input delay is missing on matrix_b[116] relative to the rising and/or falling clock edge(s) of clk.
Related violations: <none>

TIMING-18#148 Warning
Missing input or output delay  
An input delay is missing on matrix_b[117] relative to the rising and/or falling clock edge(s) of clk.
Related violations: <none>

TIMING-18#149 Warning
Missing input or output delay  
An input delay is missing on matrix_b[118] relative to the rising and/or falling clock edge(s) of clk.
Related violations: <none>

TIMING-18#150 Warning
Missing input or output delay  
An input delay is missing on matrix_b[119] relative to the rising and/or falling clock edge(s) of clk.
Related violations: <none>

TIMING-18#151 Warning
Missing input or output delay  
An input delay is missing on matrix_b[11] relative to the rising and/or falling clock edge(s) of clk.
Related violations: <none>

TIMING-18#152 Warning
Missing input or output delay  
An input delay is missing on matrix_b[120] relative to the rising and/or falling clock edge(s) of clk.
Related violations: <none>

TIMING-18#153 Warning
Missing input or output delay  
An input delay is missing on matrix_b[121] relative to the rising and/or falling clock edge(s) of clk.
Related violations: <none>

TIMING-18#154 Warning
Missing input or output delay  
An input delay is missing on matrix_b[122] relative to the rising and/or falling clock edge(s) of clk.
Related violations: <none>

TIMING-18#155 Warning
Missing input or output delay  
An input delay is missing on matrix_b[123] relative to the rising and/or falling clock edge(s) of clk.
Related violations: <none>

TIMING-18#156 Warning
Missing input or output delay  
An input delay is missing on matrix_b[124] relative to the rising and/or falling clock edge(s) of clk.
Related violations: <none>

TIMING-18#157 Warning
Missing input or output delay  
An input delay is missing on matrix_b[125] relative to the rising and/or falling clock edge(s) of clk.
Related violations: <none>

TIMING-18#158 Warning
Missing input or output delay  
An input delay is missing on matrix_b[126] relative to the rising and/or falling clock edge(s) of clk.
Related violations: <none>

TIMING-18#159 Warning
Missing input or output delay  
An input delay is missing on matrix_b[127] relative to the rising and/or falling clock edge(s) of clk.
Related violations: <none>

TIMING-18#160 Warning
Missing input or output delay  
An input delay is missing on matrix_b[12] relative to the rising and/or falling clock edge(s) of clk.
Related violations: <none>

TIMING-18#161 Warning
Missing input or output delay  
An input delay is missing on matrix_b[13] relative to the rising and/or falling clock edge(s) of clk.
Related violations: <none>

TIMING-18#162 Warning
Missing input or output delay  
An input delay is missing on matrix_b[14] relative to the rising and/or falling clock edge(s) of clk.
Related violations: <none>

TIMING-18#163 Warning
Missing input or output delay  
An input delay is missing on matrix_b[15] relative to the rising and/or falling clock edge(s) of clk.
Related violations: <none>

TIMING-18#164 Warning
Missing input or output delay  
An input delay is missing on matrix_b[16] relative to the rising and/or falling clock edge(s) of clk.
Related violations: <none>

TIMING-18#165 Warning
Missing input or output delay  
An input delay is missing on matrix_b[17] relative to the rising and/or falling clock edge(s) of clk.
Related violations: <none>

TIMING-18#166 Warning
Missing input or output delay  
An input delay is missing on matrix_b[18] relative to the rising and/or falling clock edge(s) of clk.
Related violations: <none>

TIMING-18#167 Warning
Missing input or output delay  
An input delay is missing on matrix_b[19] relative to the rising and/or falling clock edge(s) of clk.
Related violations: <none>

TIMING-18#168 Warning
Missing input or output delay  
An input delay is missing on matrix_b[1] relative to the rising and/or falling clock edge(s) of clk.
Related violations: <none>

TIMING-18#169 Warning
Missing input or output delay  
An input delay is missing on matrix_b[20] relative to the rising and/or falling clock edge(s) of clk.
Related violations: <none>

TIMING-18#170 Warning
Missing input or output delay  
An input delay is missing on matrix_b[21] relative to the rising and/or falling clock edge(s) of clk.
Related violations: <none>

TIMING-18#171 Warning
Missing input or output delay  
An input delay is missing on matrix_b[22] relative to the rising and/or falling clock edge(s) of clk.
Related violations: <none>

TIMING-18#172 Warning
Missing input or output delay  
An input delay is missing on matrix_b[23] relative to the rising and/or falling clock edge(s) of clk.
Related violations: <none>

TIMING-18#173 Warning
Missing input or output delay  
An input delay is missing on matrix_b[24] relative to the rising and/or falling clock edge(s) of clk.
Related violations: <none>

TIMING-18#174 Warning
Missing input or output delay  
An input delay is missing on matrix_b[25] relative to the rising and/or falling clock edge(s) of clk.
Related violations: <none>

TIMING-18#175 Warning
Missing input or output delay  
An input delay is missing on matrix_b[26] relative to the rising and/or falling clock edge(s) of clk.
Related violations: <none>

TIMING-18#176 Warning
Missing input or output delay  
An input delay is missing on matrix_b[27] relative to the rising and/or falling clock edge(s) of clk.
Related violations: <none>

TIMING-18#177 Warning
Missing input or output delay  
An input delay is missing on matrix_b[28] relative to the rising and/or falling clock edge(s) of clk.
Related violations: <none>

TIMING-18#178 Warning
Missing input or output delay  
An input delay is missing on matrix_b[29] relative to the rising and/or falling clock edge(s) of clk.
Related violations: <none>

TIMING-18#179 Warning
Missing input or output delay  
An input delay is missing on matrix_b[2] relative to the rising and/or falling clock edge(s) of clk.
Related violations: <none>

TIMING-18#180 Warning
Missing input or output delay  
An input delay is missing on matrix_b[30] relative to the rising and/or falling clock edge(s) of clk.
Related violations: <none>

TIMING-18#181 Warning
Missing input or output delay  
An input delay is missing on matrix_b[31] relative to the rising and/or falling clock edge(s) of clk.
Related violations: <none>

TIMING-18#182 Warning
Missing input or output delay  
An input delay is missing on matrix_b[32] relative to the rising and/or falling clock edge(s) of clk.
Related violations: <none>

TIMING-18#183 Warning
Missing input or output delay  
An input delay is missing on matrix_b[33] relative to the rising and/or falling clock edge(s) of clk.
Related violations: <none>

TIMING-18#184 Warning
Missing input or output delay  
An input delay is missing on matrix_b[34] relative to the rising and/or falling clock edge(s) of clk.
Related violations: <none>

TIMING-18#185 Warning
Missing input or output delay  
An input delay is missing on matrix_b[35] relative to the rising and/or falling clock edge(s) of clk.
Related violations: <none>

TIMING-18#186 Warning
Missing input or output delay  
An input delay is missing on matrix_b[36] relative to the rising and/or falling clock edge(s) of clk.
Related violations: <none>

TIMING-18#187 Warning
Missing input or output delay  
An input delay is missing on matrix_b[37] relative to the rising and/or falling clock edge(s) of clk.
Related violations: <none>

TIMING-18#188 Warning
Missing input or output delay  
An input delay is missing on matrix_b[38] relative to the rising and/or falling clock edge(s) of clk.
Related violations: <none>

TIMING-18#189 Warning
Missing input or output delay  
An input delay is missing on matrix_b[39] relative to the rising and/or falling clock edge(s) of clk.
Related violations: <none>

TIMING-18#190 Warning
Missing input or output delay  
An input delay is missing on matrix_b[3] relative to the rising and/or falling clock edge(s) of clk.
Related violations: <none>

TIMING-18#191 Warning
Missing input or output delay  
An input delay is missing on matrix_b[40] relative to the rising and/or falling clock edge(s) of clk.
Related violations: <none>

TIMING-18#192 Warning
Missing input or output delay  
An input delay is missing on matrix_b[41] relative to the rising and/or falling clock edge(s) of clk.
Related violations: <none>

TIMING-18#193 Warning
Missing input or output delay  
An input delay is missing on matrix_b[42] relative to the rising and/or falling clock edge(s) of clk.
Related violations: <none>

TIMING-18#194 Warning
Missing input or output delay  
An input delay is missing on matrix_b[43] relative to the rising and/or falling clock edge(s) of clk.
Related violations: <none>

TIMING-18#195 Warning
Missing input or output delay  
An input delay is missing on matrix_b[44] relative to the rising and/or falling clock edge(s) of clk.
Related violations: <none>

TIMING-18#196 Warning
Missing input or output delay  
An input delay is missing on matrix_b[45] relative to the rising and/or falling clock edge(s) of clk.
Related violations: <none>

TIMING-18#197 Warning
Missing input or output delay  
An input delay is missing on matrix_b[46] relative to the rising and/or falling clock edge(s) of clk.
Related violations: <none>

TIMING-18#198 Warning
Missing input or output delay  
An input delay is missing on matrix_b[47] relative to the rising and/or falling clock edge(s) of clk.
Related violations: <none>

TIMING-18#199 Warning
Missing input or output delay  
An input delay is missing on matrix_b[48] relative to the rising and/or falling clock edge(s) of clk.
Related violations: <none>

TIMING-18#200 Warning
Missing input or output delay  
An input delay is missing on matrix_b[49] relative to the rising and/or falling clock edge(s) of clk.
Related violations: <none>

TIMING-18#201 Warning
Missing input or output delay  
An input delay is missing on matrix_b[4] relative to the rising and/or falling clock edge(s) of clk.
Related violations: <none>

TIMING-18#202 Warning
Missing input or output delay  
An input delay is missing on matrix_b[50] relative to the rising and/or falling clock edge(s) of clk.
Related violations: <none>

TIMING-18#203 Warning
Missing input or output delay  
An input delay is missing on matrix_b[51] relative to the rising and/or falling clock edge(s) of clk.
Related violations: <none>

TIMING-18#204 Warning
Missing input or output delay  
An input delay is missing on matrix_b[52] relative to the rising and/or falling clock edge(s) of clk.
Related violations: <none>

TIMING-18#205 Warning
Missing input or output delay  
An input delay is missing on matrix_b[53] relative to the rising and/or falling clock edge(s) of clk.
Related violations: <none>

TIMING-18#206 Warning
Missing input or output delay  
An input delay is missing on matrix_b[54] relative to the rising and/or falling clock edge(s) of clk.
Related violations: <none>

TIMING-18#207 Warning
Missing input or output delay  
An input delay is missing on matrix_b[55] relative to the rising and/or falling clock edge(s) of clk.
Related violations: <none>

TIMING-18#208 Warning
Missing input or output delay  
An input delay is missing on matrix_b[56] relative to the rising and/or falling clock edge(s) of clk.
Related violations: <none>

TIMING-18#209 Warning
Missing input or output delay  
An input delay is missing on matrix_b[57] relative to the rising and/or falling clock edge(s) of clk.
Related violations: <none>

TIMING-18#210 Warning
Missing input or output delay  
An input delay is missing on matrix_b[58] relative to the rising and/or falling clock edge(s) of clk.
Related violations: <none>

TIMING-18#211 Warning
Missing input or output delay  
An input delay is missing on matrix_b[59] relative to the rising and/or falling clock edge(s) of clk.
Related violations: <none>

TIMING-18#212 Warning
Missing input or output delay  
An input delay is missing on matrix_b[5] relative to the rising and/or falling clock edge(s) of clk.
Related violations: <none>

TIMING-18#213 Warning
Missing input or output delay  
An input delay is missing on matrix_b[60] relative to the rising and/or falling clock edge(s) of clk.
Related violations: <none>

TIMING-18#214 Warning
Missing input or output delay  
An input delay is missing on matrix_b[61] relative to the rising and/or falling clock edge(s) of clk.
Related violations: <none>

TIMING-18#215 Warning
Missing input or output delay  
An input delay is missing on matrix_b[62] relative to the rising and/or falling clock edge(s) of clk.
Related violations: <none>

TIMING-18#216 Warning
Missing input or output delay  
An input delay is missing on matrix_b[63] relative to the rising and/or falling clock edge(s) of clk.
Related violations: <none>

TIMING-18#217 Warning
Missing input or output delay  
An input delay is missing on matrix_b[64] relative to the rising and/or falling clock edge(s) of clk.
Related violations: <none>

TIMING-18#218 Warning
Missing input or output delay  
An input delay is missing on matrix_b[65] relative to the rising and/or falling clock edge(s) of clk.
Related violations: <none>

TIMING-18#219 Warning
Missing input or output delay  
An input delay is missing on matrix_b[66] relative to the rising and/or falling clock edge(s) of clk.
Related violations: <none>

TIMING-18#220 Warning
Missing input or output delay  
An input delay is missing on matrix_b[67] relative to the rising and/or falling clock edge(s) of clk.
Related violations: <none>

TIMING-18#221 Warning
Missing input or output delay  
An input delay is missing on matrix_b[68] relative to the rising and/or falling clock edge(s) of clk.
Related violations: <none>

TIMING-18#222 Warning
Missing input or output delay  
An input delay is missing on matrix_b[69] relative to the rising and/or falling clock edge(s) of clk.
Related violations: <none>

TIMING-18#223 Warning
Missing input or output delay  
An input delay is missing on matrix_b[6] relative to the rising and/or falling clock edge(s) of clk.
Related violations: <none>

TIMING-18#224 Warning
Missing input or output delay  
An input delay is missing on matrix_b[70] relative to the rising and/or falling clock edge(s) of clk.
Related violations: <none>

TIMING-18#225 Warning
Missing input or output delay  
An input delay is missing on matrix_b[71] relative to the rising and/or falling clock edge(s) of clk.
Related violations: <none>

TIMING-18#226 Warning
Missing input or output delay  
An input delay is missing on matrix_b[72] relative to the rising and/or falling clock edge(s) of clk.
Related violations: <none>

TIMING-18#227 Warning
Missing input or output delay  
An input delay is missing on matrix_b[73] relative to the rising and/or falling clock edge(s) of clk.
Related violations: <none>

TIMING-18#228 Warning
Missing input or output delay  
An input delay is missing on matrix_b[74] relative to the rising and/or falling clock edge(s) of clk.
Related violations: <none>

TIMING-18#229 Warning
Missing input or output delay  
An input delay is missing on matrix_b[75] relative to the rising and/or falling clock edge(s) of clk.
Related violations: <none>

TIMING-18#230 Warning
Missing input or output delay  
An input delay is missing on matrix_b[76] relative to the rising and/or falling clock edge(s) of clk.
Related violations: <none>

TIMING-18#231 Warning
Missing input or output delay  
An input delay is missing on matrix_b[77] relative to the rising and/or falling clock edge(s) of clk.
Related violations: <none>

TIMING-18#232 Warning
Missing input or output delay  
An input delay is missing on matrix_b[78] relative to the rising and/or falling clock edge(s) of clk.
Related violations: <none>

TIMING-18#233 Warning
Missing input or output delay  
An input delay is missing on matrix_b[79] relative to the rising and/or falling clock edge(s) of clk.
Related violations: <none>

TIMING-18#234 Warning
Missing input or output delay  
An input delay is missing on matrix_b[7] relative to the rising and/or falling clock edge(s) of clk.
Related violations: <none>

TIMING-18#235 Warning
Missing input or output delay  
An input delay is missing on matrix_b[80] relative to the rising and/or falling clock edge(s) of clk.
Related violations: <none>

TIMING-18#236 Warning
Missing input or output delay  
An input delay is missing on matrix_b[81] relative to the rising and/or falling clock edge(s) of clk.
Related violations: <none>

TIMING-18#237 Warning
Missing input or output delay  
An input delay is missing on matrix_b[82] relative to the rising and/or falling clock edge(s) of clk.
Related violations: <none>

TIMING-18#238 Warning
Missing input or output delay  
An input delay is missing on matrix_b[83] relative to the rising and/or falling clock edge(s) of clk.
Related violations: <none>

TIMING-18#239 Warning
Missing input or output delay  
An input delay is missing on matrix_b[84] relative to the rising and/or falling clock edge(s) of clk.
Related violations: <none>

TIMING-18#240 Warning
Missing input or output delay  
An input delay is missing on matrix_b[85] relative to the rising and/or falling clock edge(s) of clk.
Related violations: <none>

TIMING-18#241 Warning
Missing input or output delay  
An input delay is missing on matrix_b[86] relative to the rising and/or falling clock edge(s) of clk.
Related violations: <none>

TIMING-18#242 Warning
Missing input or output delay  
An input delay is missing on matrix_b[87] relative to the rising and/or falling clock edge(s) of clk.
Related violations: <none>

TIMING-18#243 Warning
Missing input or output delay  
An input delay is missing on matrix_b[88] relative to the rising and/or falling clock edge(s) of clk.
Related violations: <none>

TIMING-18#244 Warning
Missing input or output delay  
An input delay is missing on matrix_b[89] relative to the rising and/or falling clock edge(s) of clk.
Related violations: <none>

TIMING-18#245 Warning
Missing input or output delay  
An input delay is missing on matrix_b[8] relative to the rising and/or falling clock edge(s) of clk.
Related violations: <none>

TIMING-18#246 Warning
Missing input or output delay  
An input delay is missing on matrix_b[90] relative to the rising and/or falling clock edge(s) of clk.
Related violations: <none>

TIMING-18#247 Warning
Missing input or output delay  
An input delay is missing on matrix_b[91] relative to the rising and/or falling clock edge(s) of clk.
Related violations: <none>

TIMING-18#248 Warning
Missing input or output delay  
An input delay is missing on matrix_b[92] relative to the rising and/or falling clock edge(s) of clk.
Related violations: <none>

TIMING-18#249 Warning
Missing input or output delay  
An input delay is missing on matrix_b[93] relative to the rising and/or falling clock edge(s) of clk.
Related violations: <none>

TIMING-18#250 Warning
Missing input or output delay  
An input delay is missing on matrix_b[94] relative to the rising and/or falling clock edge(s) of clk.
Related violations: <none>

TIMING-18#251 Warning
Missing input or output delay  
An input delay is missing on matrix_b[95] relative to the rising and/or falling clock edge(s) of clk.
Related violations: <none>

TIMING-18#252 Warning
Missing input or output delay  
An input delay is missing on matrix_b[96] relative to the rising and/or falling clock edge(s) of clk.
Related violations: <none>

TIMING-18#253 Warning
Missing input or output delay  
An input delay is missing on matrix_b[97] relative to the rising and/or falling clock edge(s) of clk.
Related violations: <none>

TIMING-18#254 Warning
Missing input or output delay  
An input delay is missing on matrix_b[98] relative to the rising and/or falling clock edge(s) of clk.
Related violations: <none>

TIMING-18#255 Warning
Missing input or output delay  
An input delay is missing on matrix_b[99] relative to the rising and/or falling clock edge(s) of clk.
Related violations: <none>

TIMING-18#256 Warning
Missing input or output delay  
An input delay is missing on matrix_b[9] relative to the rising and/or falling clock edge(s) of clk.
Related violations: <none>

TIMING-18#257 Warning
Missing input or output delay  
An input delay is missing on rst relative to the rising and/or falling clock edge(s) of clk.
Related violations: <none>

TIMING-18#258 Warning
Missing input or output delay  
An input delay is missing on start relative to the rising and/or falling clock edge(s) of clk.
Related violations: <none>

TIMING-18#259 Warning
Missing input or output delay  
An output delay is missing on done relative to the rising and/or falling clock edge(s) of clk.
Related violations: <none>

TIMING-18#260 Warning
Missing input or output delay  
An output delay is missing on matrix_c[0] relative to the rising and/or falling clock edge(s) of clk.
Related violations: <none>

TIMING-18#261 Warning
Missing input or output delay  
An output delay is missing on matrix_c[100] relative to the rising and/or falling clock edge(s) of clk.
Related violations: <none>

TIMING-18#262 Warning
Missing input or output delay  
An output delay is missing on matrix_c[101] relative to the rising and/or falling clock edge(s) of clk.
Related violations: <none>

TIMING-18#263 Warning
Missing input or output delay  
An output delay is missing on matrix_c[102] relative to the rising and/or falling clock edge(s) of clk.
Related violations: <none>

TIMING-18#264 Warning
Missing input or output delay  
An output delay is missing on matrix_c[103] relative to the rising and/or falling clock edge(s) of clk.
Related violations: <none>

TIMING-18#265 Warning
Missing input or output delay  
An output delay is missing on matrix_c[104] relative to the rising and/or falling clock edge(s) of clk.
Related violations: <none>

TIMING-18#266 Warning
Missing input or output delay  
An output delay is missing on matrix_c[105] relative to the rising and/or falling clock edge(s) of clk.
Related violations: <none>

TIMING-18#267 Warning
Missing input or output delay  
An output delay is missing on matrix_c[106] relative to the rising and/or falling clock edge(s) of clk.
Related violations: <none>

TIMING-18#268 Warning
Missing input or output delay  
An output delay is missing on matrix_c[107] relative to the rising and/or falling clock edge(s) of clk.
Related violations: <none>

TIMING-18#269 Warning
Missing input or output delay  
An output delay is missing on matrix_c[108] relative to the rising and/or falling clock edge(s) of clk.
Related violations: <none>

TIMING-18#270 Warning
Missing input or output delay  
An output delay is missing on matrix_c[109] relative to the rising and/or falling clock edge(s) of clk.
Related violations: <none>

TIMING-18#271 Warning
Missing input or output delay  
An output delay is missing on matrix_c[10] relative to the rising and/or falling clock edge(s) of clk.
Related violations: <none>

TIMING-18#272 Warning
Missing input or output delay  
An output delay is missing on matrix_c[110] relative to the rising and/or falling clock edge(s) of clk.
Related violations: <none>

TIMING-18#273 Warning
Missing input or output delay  
An output delay is missing on matrix_c[111] relative to the rising and/or falling clock edge(s) of clk.
Related violations: <none>

TIMING-18#274 Warning
Missing input or output delay  
An output delay is missing on matrix_c[112] relative to the rising and/or falling clock edge(s) of clk.
Related violations: <none>

TIMING-18#275 Warning
Missing input or output delay  
An output delay is missing on matrix_c[113] relative to the rising and/or falling clock edge(s) of clk.
Related violations: <none>

TIMING-18#276 Warning
Missing input or output delay  
An output delay is missing on matrix_c[114] relative to the rising and/or falling clock edge(s) of clk.
Related violations: <none>

TIMING-18#277 Warning
Missing input or output delay  
An output delay is missing on matrix_c[115] relative to the rising and/or falling clock edge(s) of clk.
Related violations: <none>

TIMING-18#278 Warning
Missing input or output delay  
An output delay is missing on matrix_c[116] relative to the rising and/or falling clock edge(s) of clk.
Related violations: <none>

TIMING-18#279 Warning
Missing input or output delay  
An output delay is missing on matrix_c[117] relative to the rising and/or falling clock edge(s) of clk.
Related violations: <none>

TIMING-18#280 Warning
Missing input or output delay  
An output delay is missing on matrix_c[118] relative to the rising and/or falling clock edge(s) of clk.
Related violations: <none>

TIMING-18#281 Warning
Missing input or output delay  
An output delay is missing on matrix_c[119] relative to the rising and/or falling clock edge(s) of clk.
Related violations: <none>

TIMING-18#282 Warning
Missing input or output delay  
An output delay is missing on matrix_c[11] relative to the rising and/or falling clock edge(s) of clk.
Related violations: <none>

TIMING-18#283 Warning
Missing input or output delay  
An output delay is missing on matrix_c[120] relative to the rising and/or falling clock edge(s) of clk.
Related violations: <none>

TIMING-18#284 Warning
Missing input or output delay  
An output delay is missing on matrix_c[121] relative to the rising and/or falling clock edge(s) of clk.
Related violations: <none>

TIMING-18#285 Warning
Missing input or output delay  
An output delay is missing on matrix_c[122] relative to the rising and/or falling clock edge(s) of clk.
Related violations: <none>

TIMING-18#286 Warning
Missing input or output delay  
An output delay is missing on matrix_c[123] relative to the rising and/or falling clock edge(s) of clk.
Related violations: <none>

TIMING-18#287 Warning
Missing input or output delay  
An output delay is missing on matrix_c[124] relative to the rising and/or falling clock edge(s) of clk.
Related violations: <none>

TIMING-18#288 Warning
Missing input or output delay  
An output delay is missing on matrix_c[125] relative to the rising and/or falling clock edge(s) of clk.
Related violations: <none>

TIMING-18#289 Warning
Missing input or output delay  
An output delay is missing on matrix_c[126] relative to the rising and/or falling clock edge(s) of clk.
Related violations: <none>

TIMING-18#290 Warning
Missing input or output delay  
An output delay is missing on matrix_c[127] relative to the rising and/or falling clock edge(s) of clk.
Related violations: <none>

TIMING-18#291 Warning
Missing input or output delay  
An output delay is missing on matrix_c[128] relative to the rising and/or falling clock edge(s) of clk.
Related violations: <none>

TIMING-18#292 Warning
Missing input or output delay  
An output delay is missing on matrix_c[129] relative to the rising and/or falling clock edge(s) of clk.
Related violations: <none>

TIMING-18#293 Warning
Missing input or output delay  
An output delay is missing on matrix_c[12] relative to the rising and/or falling clock edge(s) of clk.
Related violations: <none>

TIMING-18#294 Warning
Missing input or output delay  
An output delay is missing on matrix_c[130] relative to the rising and/or falling clock edge(s) of clk.
Related violations: <none>

TIMING-18#295 Warning
Missing input or output delay  
An output delay is missing on matrix_c[131] relative to the rising and/or falling clock edge(s) of clk.
Related violations: <none>

TIMING-18#296 Warning
Missing input or output delay  
An output delay is missing on matrix_c[132] relative to the rising and/or falling clock edge(s) of clk.
Related violations: <none>

TIMING-18#297 Warning
Missing input or output delay  
An output delay is missing on matrix_c[133] relative to the rising and/or falling clock edge(s) of clk.
Related violations: <none>

TIMING-18#298 Warning
Missing input or output delay  
An output delay is missing on matrix_c[134] relative to the rising and/or falling clock edge(s) of clk.
Related violations: <none>

TIMING-18#299 Warning
Missing input or output delay  
An output delay is missing on matrix_c[135] relative to the rising and/or falling clock edge(s) of clk.
Related violations: <none>

TIMING-18#300 Warning
Missing input or output delay  
An output delay is missing on matrix_c[136] relative to the rising and/or falling clock edge(s) of clk.
Related violations: <none>

TIMING-18#301 Warning
Missing input or output delay  
An output delay is missing on matrix_c[137] relative to the rising and/or falling clock edge(s) of clk.
Related violations: <none>

TIMING-18#302 Warning
Missing input or output delay  
An output delay is missing on matrix_c[138] relative to the rising and/or falling clock edge(s) of clk.
Related violations: <none>

TIMING-18#303 Warning
Missing input or output delay  
An output delay is missing on matrix_c[139] relative to the rising and/or falling clock edge(s) of clk.
Related violations: <none>

TIMING-18#304 Warning
Missing input or output delay  
An output delay is missing on matrix_c[13] relative to the rising and/or falling clock edge(s) of clk.
Related violations: <none>

TIMING-18#305 Warning
Missing input or output delay  
An output delay is missing on matrix_c[140] relative to the rising and/or falling clock edge(s) of clk.
Related violations: <none>

TIMING-18#306 Warning
Missing input or output delay  
An output delay is missing on matrix_c[141] relative to the rising and/or falling clock edge(s) of clk.
Related violations: <none>

TIMING-18#307 Warning
Missing input or output delay  
An output delay is missing on matrix_c[142] relative to the rising and/or falling clock edge(s) of clk.
Related violations: <none>

TIMING-18#308 Warning
Missing input or output delay  
An output delay is missing on matrix_c[143] relative to the rising and/or falling clock edge(s) of clk.
Related violations: <none>

TIMING-18#309 Warning
Missing input or output delay  
An output delay is missing on matrix_c[144] relative to the rising and/or falling clock edge(s) of clk.
Related violations: <none>

TIMING-18#310 Warning
Missing input or output delay  
An output delay is missing on matrix_c[145] relative to the rising and/or falling clock edge(s) of clk.
Related violations: <none>

TIMING-18#311 Warning
Missing input or output delay  
An output delay is missing on matrix_c[146] relative to the rising and/or falling clock edge(s) of clk.
Related violations: <none>

TIMING-18#312 Warning
Missing input or output delay  
An output delay is missing on matrix_c[147] relative to the rising and/or falling clock edge(s) of clk.
Related violations: <none>

TIMING-18#313 Warning
Missing input or output delay  
An output delay is missing on matrix_c[148] relative to the rising and/or falling clock edge(s) of clk.
Related violations: <none>

TIMING-18#314 Warning
Missing input or output delay  
An output delay is missing on matrix_c[149] relative to the rising and/or falling clock edge(s) of clk.
Related violations: <none>

TIMING-18#315 Warning
Missing input or output delay  
An output delay is missing on matrix_c[14] relative to the rising and/or falling clock edge(s) of clk.
Related violations: <none>

TIMING-18#316 Warning
Missing input or output delay  
An output delay is missing on matrix_c[150] relative to the rising and/or falling clock edge(s) of clk.
Related violations: <none>

TIMING-18#317 Warning
Missing input or output delay  
An output delay is missing on matrix_c[151] relative to the rising and/or falling clock edge(s) of clk.
Related violations: <none>

TIMING-18#318 Warning
Missing input or output delay  
An output delay is missing on matrix_c[152] relative to the rising and/or falling clock edge(s) of clk.
Related violations: <none>

TIMING-18#319 Warning
Missing input or output delay  
An output delay is missing on matrix_c[153] relative to the rising and/or falling clock edge(s) of clk.
Related violations: <none>

TIMING-18#320 Warning
Missing input or output delay  
An output delay is missing on matrix_c[154] relative to the rising and/or falling clock edge(s) of clk.
Related violations: <none>

TIMING-18#321 Warning
Missing input or output delay  
An output delay is missing on matrix_c[155] relative to the rising and/or falling clock edge(s) of clk.
Related violations: <none>

TIMING-18#322 Warning
Missing input or output delay  
An output delay is missing on matrix_c[156] relative to the rising and/or falling clock edge(s) of clk.
Related violations: <none>

TIMING-18#323 Warning
Missing input or output delay  
An output delay is missing on matrix_c[157] relative to the rising and/or falling clock edge(s) of clk.
Related violations: <none>

TIMING-18#324 Warning
Missing input or output delay  
An output delay is missing on matrix_c[158] relative to the rising and/or falling clock edge(s) of clk.
Related violations: <none>

TIMING-18#325 Warning
Missing input or output delay  
An output delay is missing on matrix_c[159] relative to the rising and/or falling clock edge(s) of clk.
Related violations: <none>

TIMING-18#326 Warning
Missing input or output delay  
An output delay is missing on matrix_c[15] relative to the rising and/or falling clock edge(s) of clk.
Related violations: <none>

TIMING-18#327 Warning
Missing input or output delay  
An output delay is missing on matrix_c[160] relative to the rising and/or falling clock edge(s) of clk.
Related violations: <none>

TIMING-18#328 Warning
Missing input or output delay  
An output delay is missing on matrix_c[161] relative to the rising and/or falling clock edge(s) of clk.
Related violations: <none>

TIMING-18#329 Warning
Missing input or output delay  
An output delay is missing on matrix_c[162] relative to the rising and/or falling clock edge(s) of clk.
Related violations: <none>

TIMING-18#330 Warning
Missing input or output delay  
An output delay is missing on matrix_c[163] relative to the rising and/or falling clock edge(s) of clk.
Related violations: <none>

TIMING-18#331 Warning
Missing input or output delay  
An output delay is missing on matrix_c[164] relative to the rising and/or falling clock edge(s) of clk.
Related violations: <none>

TIMING-18#332 Warning
Missing input or output delay  
An output delay is missing on matrix_c[165] relative to the rising and/or falling clock edge(s) of clk.
Related violations: <none>

TIMING-18#333 Warning
Missing input or output delay  
An output delay is missing on matrix_c[166] relative to the rising and/or falling clock edge(s) of clk.
Related violations: <none>

TIMING-18#334 Warning
Missing input or output delay  
An output delay is missing on matrix_c[167] relative to the rising and/or falling clock edge(s) of clk.
Related violations: <none>

TIMING-18#335 Warning
Missing input or output delay  
An output delay is missing on matrix_c[168] relative to the rising and/or falling clock edge(s) of clk.
Related violations: <none>

TIMING-18#336 Warning
Missing input or output delay  
An output delay is missing on matrix_c[169] relative to the rising and/or falling clock edge(s) of clk.
Related violations: <none>

TIMING-18#337 Warning
Missing input or output delay  
An output delay is missing on matrix_c[16] relative to the rising and/or falling clock edge(s) of clk.
Related violations: <none>

TIMING-18#338 Warning
Missing input or output delay  
An output delay is missing on matrix_c[170] relative to the rising and/or falling clock edge(s) of clk.
Related violations: <none>

TIMING-18#339 Warning
Missing input or output delay  
An output delay is missing on matrix_c[171] relative to the rising and/or falling clock edge(s) of clk.
Related violations: <none>

TIMING-18#340 Warning
Missing input or output delay  
An output delay is missing on matrix_c[172] relative to the rising and/or falling clock edge(s) of clk.
Related violations: <none>

TIMING-18#341 Warning
Missing input or output delay  
An output delay is missing on matrix_c[173] relative to the rising and/or falling clock edge(s) of clk.
Related violations: <none>

TIMING-18#342 Warning
Missing input or output delay  
An output delay is missing on matrix_c[174] relative to the rising and/or falling clock edge(s) of clk.
Related violations: <none>

TIMING-18#343 Warning
Missing input or output delay  
An output delay is missing on matrix_c[175] relative to the rising and/or falling clock edge(s) of clk.
Related violations: <none>

TIMING-18#344 Warning
Missing input or output delay  
An output delay is missing on matrix_c[176] relative to the rising and/or falling clock edge(s) of clk.
Related violations: <none>

TIMING-18#345 Warning
Missing input or output delay  
An output delay is missing on matrix_c[177] relative to the rising and/or falling clock edge(s) of clk.
Related violations: <none>

TIMING-18#346 Warning
Missing input or output delay  
An output delay is missing on matrix_c[178] relative to the rising and/or falling clock edge(s) of clk.
Related violations: <none>

TIMING-18#347 Warning
Missing input or output delay  
An output delay is missing on matrix_c[179] relative to the rising and/or falling clock edge(s) of clk.
Related violations: <none>

TIMING-18#348 Warning
Missing input or output delay  
An output delay is missing on matrix_c[17] relative to the rising and/or falling clock edge(s) of clk.
Related violations: <none>

TIMING-18#349 Warning
Missing input or output delay  
An output delay is missing on matrix_c[180] relative to the rising and/or falling clock edge(s) of clk.
Related violations: <none>

TIMING-18#350 Warning
Missing input or output delay  
An output delay is missing on matrix_c[181] relative to the rising and/or falling clock edge(s) of clk.
Related violations: <none>

TIMING-18#351 Warning
Missing input or output delay  
An output delay is missing on matrix_c[182] relative to the rising and/or falling clock edge(s) of clk.
Related violations: <none>

TIMING-18#352 Warning
Missing input or output delay  
An output delay is missing on matrix_c[183] relative to the rising and/or falling clock edge(s) of clk.
Related violations: <none>

TIMING-18#353 Warning
Missing input or output delay  
An output delay is missing on matrix_c[184] relative to the rising and/or falling clock edge(s) of clk.
Related violations: <none>

TIMING-18#354 Warning
Missing input or output delay  
An output delay is missing on matrix_c[185] relative to the rising and/or falling clock edge(s) of clk.
Related violations: <none>

TIMING-18#355 Warning
Missing input or output delay  
An output delay is missing on matrix_c[186] relative to the rising and/or falling clock edge(s) of clk.
Related violations: <none>

TIMING-18#356 Warning
Missing input or output delay  
An output delay is missing on matrix_c[187] relative to the rising and/or falling clock edge(s) of clk.
Related violations: <none>

TIMING-18#357 Warning
Missing input or output delay  
An output delay is missing on matrix_c[188] relative to the rising and/or falling clock edge(s) of clk.
Related violations: <none>

TIMING-18#358 Warning
Missing input or output delay  
An output delay is missing on matrix_c[189] relative to the rising and/or falling clock edge(s) of clk.
Related violations: <none>

TIMING-18#359 Warning
Missing input or output delay  
An output delay is missing on matrix_c[18] relative to the rising and/or falling clock edge(s) of clk.
Related violations: <none>

TIMING-18#360 Warning
Missing input or output delay  
An output delay is missing on matrix_c[190] relative to the rising and/or falling clock edge(s) of clk.
Related violations: <none>

TIMING-18#361 Warning
Missing input or output delay  
An output delay is missing on matrix_c[191] relative to the rising and/or falling clock edge(s) of clk.
Related violations: <none>

TIMING-18#362 Warning
Missing input or output delay  
An output delay is missing on matrix_c[192] relative to the rising and/or falling clock edge(s) of clk.
Related violations: <none>

TIMING-18#363 Warning
Missing input or output delay  
An output delay is missing on matrix_c[193] relative to the rising and/or falling clock edge(s) of clk.
Related violations: <none>

TIMING-18#364 Warning
Missing input or output delay  
An output delay is missing on matrix_c[194] relative to the rising and/or falling clock edge(s) of clk.
Related violations: <none>

TIMING-18#365 Warning
Missing input or output delay  
An output delay is missing on matrix_c[195] relative to the rising and/or falling clock edge(s) of clk.
Related violations: <none>

TIMING-18#366 Warning
Missing input or output delay  
An output delay is missing on matrix_c[196] relative to the rising and/or falling clock edge(s) of clk.
Related violations: <none>

TIMING-18#367 Warning
Missing input or output delay  
An output delay is missing on matrix_c[197] relative to the rising and/or falling clock edge(s) of clk.
Related violations: <none>

TIMING-18#368 Warning
Missing input or output delay  
An output delay is missing on matrix_c[198] relative to the rising and/or falling clock edge(s) of clk.
Related violations: <none>

TIMING-18#369 Warning
Missing input or output delay  
An output delay is missing on matrix_c[199] relative to the rising and/or falling clock edge(s) of clk.
Related violations: <none>

TIMING-18#370 Warning
Missing input or output delay  
An output delay is missing on matrix_c[19] relative to the rising and/or falling clock edge(s) of clk.
Related violations: <none>

TIMING-18#371 Warning
Missing input or output delay  
An output delay is missing on matrix_c[1] relative to the rising and/or falling clock edge(s) of clk.
Related violations: <none>

TIMING-18#372 Warning
Missing input or output delay  
An output delay is missing on matrix_c[200] relative to the rising and/or falling clock edge(s) of clk.
Related violations: <none>

TIMING-18#373 Warning
Missing input or output delay  
An output delay is missing on matrix_c[201] relative to the rising and/or falling clock edge(s) of clk.
Related violations: <none>

TIMING-18#374 Warning
Missing input or output delay  
An output delay is missing on matrix_c[202] relative to the rising and/or falling clock edge(s) of clk.
Related violations: <none>

TIMING-18#375 Warning
Missing input or output delay  
An output delay is missing on matrix_c[203] relative to the rising and/or falling clock edge(s) of clk.
Related violations: <none>

TIMING-18#376 Warning
Missing input or output delay  
An output delay is missing on matrix_c[204] relative to the rising and/or falling clock edge(s) of clk.
Related violations: <none>

TIMING-18#377 Warning
Missing input or output delay  
An output delay is missing on matrix_c[205] relative to the rising and/or falling clock edge(s) of clk.
Related violations: <none>

TIMING-18#378 Warning
Missing input or output delay  
An output delay is missing on matrix_c[206] relative to the rising and/or falling clock edge(s) of clk.
Related violations: <none>

TIMING-18#379 Warning
Missing input or output delay  
An output delay is missing on matrix_c[207] relative to the rising and/or falling clock edge(s) of clk.
Related violations: <none>

TIMING-18#380 Warning
Missing input or output delay  
An output delay is missing on matrix_c[208] relative to the rising and/or falling clock edge(s) of clk.
Related violations: <none>

TIMING-18#381 Warning
Missing input or output delay  
An output delay is missing on matrix_c[209] relative to the rising and/or falling clock edge(s) of clk.
Related violations: <none>

TIMING-18#382 Warning
Missing input or output delay  
An output delay is missing on matrix_c[20] relative to the rising and/or falling clock edge(s) of clk.
Related violations: <none>

TIMING-18#383 Warning
Missing input or output delay  
An output delay is missing on matrix_c[210] relative to the rising and/or falling clock edge(s) of clk.
Related violations: <none>

TIMING-18#384 Warning
Missing input or output delay  
An output delay is missing on matrix_c[211] relative to the rising and/or falling clock edge(s) of clk.
Related violations: <none>

TIMING-18#385 Warning
Missing input or output delay  
An output delay is missing on matrix_c[212] relative to the rising and/or falling clock edge(s) of clk.
Related violations: <none>

TIMING-18#386 Warning
Missing input or output delay  
An output delay is missing on matrix_c[213] relative to the rising and/or falling clock edge(s) of clk.
Related violations: <none>

TIMING-18#387 Warning
Missing input or output delay  
An output delay is missing on matrix_c[214] relative to the rising and/or falling clock edge(s) of clk.
Related violations: <none>

TIMING-18#388 Warning
Missing input or output delay  
An output delay is missing on matrix_c[215] relative to the rising and/or falling clock edge(s) of clk.
Related violations: <none>

TIMING-18#389 Warning
Missing input or output delay  
An output delay is missing on matrix_c[216] relative to the rising and/or falling clock edge(s) of clk.
Related violations: <none>

TIMING-18#390 Warning
Missing input or output delay  
An output delay is missing on matrix_c[217] relative to the rising and/or falling clock edge(s) of clk.
Related violations: <none>

TIMING-18#391 Warning
Missing input or output delay  
An output delay is missing on matrix_c[218] relative to the rising and/or falling clock edge(s) of clk.
Related violations: <none>

TIMING-18#392 Warning
Missing input or output delay  
An output delay is missing on matrix_c[219] relative to the rising and/or falling clock edge(s) of clk.
Related violations: <none>

TIMING-18#393 Warning
Missing input or output delay  
An output delay is missing on matrix_c[21] relative to the rising and/or falling clock edge(s) of clk.
Related violations: <none>

TIMING-18#394 Warning
Missing input or output delay  
An output delay is missing on matrix_c[220] relative to the rising and/or falling clock edge(s) of clk.
Related violations: <none>

TIMING-18#395 Warning
Missing input or output delay  
An output delay is missing on matrix_c[221] relative to the rising and/or falling clock edge(s) of clk.
Related violations: <none>

TIMING-18#396 Warning
Missing input or output delay  
An output delay is missing on matrix_c[222] relative to the rising and/or falling clock edge(s) of clk.
Related violations: <none>

TIMING-18#397 Warning
Missing input or output delay  
An output delay is missing on matrix_c[223] relative to the rising and/or falling clock edge(s) of clk.
Related violations: <none>

TIMING-18#398 Warning
Missing input or output delay  
An output delay is missing on matrix_c[224] relative to the rising and/or falling clock edge(s) of clk.
Related violations: <none>

TIMING-18#399 Warning
Missing input or output delay  
An output delay is missing on matrix_c[225] relative to the rising and/or falling clock edge(s) of clk.
Related violations: <none>

TIMING-18#400 Warning
Missing input or output delay  
An output delay is missing on matrix_c[226] relative to the rising and/or falling clock edge(s) of clk.
Related violations: <none>

TIMING-18#401 Warning
Missing input or output delay  
An output delay is missing on matrix_c[227] relative to the rising and/or falling clock edge(s) of clk.
Related violations: <none>

TIMING-18#402 Warning
Missing input or output delay  
An output delay is missing on matrix_c[228] relative to the rising and/or falling clock edge(s) of clk.
Related violations: <none>

TIMING-18#403 Warning
Missing input or output delay  
An output delay is missing on matrix_c[229] relative to the rising and/or falling clock edge(s) of clk.
Related violations: <none>

TIMING-18#404 Warning
Missing input or output delay  
An output delay is missing on matrix_c[22] relative to the rising and/or falling clock edge(s) of clk.
Related violations: <none>

TIMING-18#405 Warning
Missing input or output delay  
An output delay is missing on matrix_c[230] relative to the rising and/or falling clock edge(s) of clk.
Related violations: <none>

TIMING-18#406 Warning
Missing input or output delay  
An output delay is missing on matrix_c[231] relative to the rising and/or falling clock edge(s) of clk.
Related violations: <none>

TIMING-18#407 Warning
Missing input or output delay  
An output delay is missing on matrix_c[232] relative to the rising and/or falling clock edge(s) of clk.
Related violations: <none>

TIMING-18#408 Warning
Missing input or output delay  
An output delay is missing on matrix_c[233] relative to the rising and/or falling clock edge(s) of clk.
Related violations: <none>

TIMING-18#409 Warning
Missing input or output delay  
An output delay is missing on matrix_c[234] relative to the rising and/or falling clock edge(s) of clk.
Related violations: <none>

TIMING-18#410 Warning
Missing input or output delay  
An output delay is missing on matrix_c[235] relative to the rising and/or falling clock edge(s) of clk.
Related violations: <none>

TIMING-18#411 Warning
Missing input or output delay  
An output delay is missing on matrix_c[236] relative to the rising and/or falling clock edge(s) of clk.
Related violations: <none>

TIMING-18#412 Warning
Missing input or output delay  
An output delay is missing on matrix_c[237] relative to the rising and/or falling clock edge(s) of clk.
Related violations: <none>

TIMING-18#413 Warning
Missing input or output delay  
An output delay is missing on matrix_c[238] relative to the rising and/or falling clock edge(s) of clk.
Related violations: <none>

TIMING-18#414 Warning
Missing input or output delay  
An output delay is missing on matrix_c[239] relative to the rising and/or falling clock edge(s) of clk.
Related violations: <none>

TIMING-18#415 Warning
Missing input or output delay  
An output delay is missing on matrix_c[23] relative to the rising and/or falling clock edge(s) of clk.
Related violations: <none>

TIMING-18#416 Warning
Missing input or output delay  
An output delay is missing on matrix_c[240] relative to the rising and/or falling clock edge(s) of clk.
Related violations: <none>

TIMING-18#417 Warning
Missing input or output delay  
An output delay is missing on matrix_c[241] relative to the rising and/or falling clock edge(s) of clk.
Related violations: <none>

TIMING-18#418 Warning
Missing input or output delay  
An output delay is missing on matrix_c[242] relative to the rising and/or falling clock edge(s) of clk.
Related violations: <none>

TIMING-18#419 Warning
Missing input or output delay  
An output delay is missing on matrix_c[243] relative to the rising and/or falling clock edge(s) of clk.
Related violations: <none>

TIMING-18#420 Warning
Missing input or output delay  
An output delay is missing on matrix_c[244] relative to the rising and/or falling clock edge(s) of clk.
Related violations: <none>

TIMING-18#421 Warning
Missing input or output delay  
An output delay is missing on matrix_c[245] relative to the rising and/or falling clock edge(s) of clk.
Related violations: <none>

TIMING-18#422 Warning
Missing input or output delay  
An output delay is missing on matrix_c[246] relative to the rising and/or falling clock edge(s) of clk.
Related violations: <none>

TIMING-18#423 Warning
Missing input or output delay  
An output delay is missing on matrix_c[247] relative to the rising and/or falling clock edge(s) of clk.
Related violations: <none>

TIMING-18#424 Warning
Missing input or output delay  
An output delay is missing on matrix_c[248] relative to the rising and/or falling clock edge(s) of clk.
Related violations: <none>

TIMING-18#425 Warning
Missing input or output delay  
An output delay is missing on matrix_c[249] relative to the rising and/or falling clock edge(s) of clk.
Related violations: <none>

TIMING-18#426 Warning
Missing input or output delay  
An output delay is missing on matrix_c[24] relative to the rising and/or falling clock edge(s) of clk.
Related violations: <none>

TIMING-18#427 Warning
Missing input or output delay  
An output delay is missing on matrix_c[250] relative to the rising and/or falling clock edge(s) of clk.
Related violations: <none>

TIMING-18#428 Warning
Missing input or output delay  
An output delay is missing on matrix_c[251] relative to the rising and/or falling clock edge(s) of clk.
Related violations: <none>

TIMING-18#429 Warning
Missing input or output delay  
An output delay is missing on matrix_c[252] relative to the rising and/or falling clock edge(s) of clk.
Related violations: <none>

TIMING-18#430 Warning
Missing input or output delay  
An output delay is missing on matrix_c[253] relative to the rising and/or falling clock edge(s) of clk.
Related violations: <none>

TIMING-18#431 Warning
Missing input or output delay  
An output delay is missing on matrix_c[254] relative to the rising and/or falling clock edge(s) of clk.
Related violations: <none>

TIMING-18#432 Warning
Missing input or output delay  
An output delay is missing on matrix_c[255] relative to the rising and/or falling clock edge(s) of clk.
Related violations: <none>

TIMING-18#433 Warning
Missing input or output delay  
An output delay is missing on matrix_c[256] relative to the rising and/or falling clock edge(s) of clk.
Related violations: <none>

TIMING-18#434 Warning
Missing input or output delay  
An output delay is missing on matrix_c[257] relative to the rising and/or falling clock edge(s) of clk.
Related violations: <none>

TIMING-18#435 Warning
Missing input or output delay  
An output delay is missing on matrix_c[258] relative to the rising and/or falling clock edge(s) of clk.
Related violations: <none>

TIMING-18#436 Warning
Missing input or output delay  
An output delay is missing on matrix_c[259] relative to the rising and/or falling clock edge(s) of clk.
Related violations: <none>

TIMING-18#437 Warning
Missing input or output delay  
An output delay is missing on matrix_c[25] relative to the rising and/or falling clock edge(s) of clk.
Related violations: <none>

TIMING-18#438 Warning
Missing input or output delay  
An output delay is missing on matrix_c[260] relative to the rising and/or falling clock edge(s) of clk.
Related violations: <none>

TIMING-18#439 Warning
Missing input or output delay  
An output delay is missing on matrix_c[261] relative to the rising and/or falling clock edge(s) of clk.
Related violations: <none>

TIMING-18#440 Warning
Missing input or output delay  
An output delay is missing on matrix_c[262] relative to the rising and/or falling clock edge(s) of clk.
Related violations: <none>

TIMING-18#441 Warning
Missing input or output delay  
An output delay is missing on matrix_c[263] relative to the rising and/or falling clock edge(s) of clk.
Related violations: <none>

TIMING-18#442 Warning
Missing input or output delay  
An output delay is missing on matrix_c[264] relative to the rising and/or falling clock edge(s) of clk.
Related violations: <none>

TIMING-18#443 Warning
Missing input or output delay  
An output delay is missing on matrix_c[265] relative to the rising and/or falling clock edge(s) of clk.
Related violations: <none>

TIMING-18#444 Warning
Missing input or output delay  
An output delay is missing on matrix_c[266] relative to the rising and/or falling clock edge(s) of clk.
Related violations: <none>

TIMING-18#445 Warning
Missing input or output delay  
An output delay is missing on matrix_c[267] relative to the rising and/or falling clock edge(s) of clk.
Related violations: <none>

TIMING-18#446 Warning
Missing input or output delay  
An output delay is missing on matrix_c[268] relative to the rising and/or falling clock edge(s) of clk.
Related violations: <none>

TIMING-18#447 Warning
Missing input or output delay  
An output delay is missing on matrix_c[269] relative to the rising and/or falling clock edge(s) of clk.
Related violations: <none>

TIMING-18#448 Warning
Missing input or output delay  
An output delay is missing on matrix_c[26] relative to the rising and/or falling clock edge(s) of clk.
Related violations: <none>

TIMING-18#449 Warning
Missing input or output delay  
An output delay is missing on matrix_c[270] relative to the rising and/or falling clock edge(s) of clk.
Related violations: <none>

TIMING-18#450 Warning
Missing input or output delay  
An output delay is missing on matrix_c[271] relative to the rising and/or falling clock edge(s) of clk.
Related violations: <none>

TIMING-18#451 Warning
Missing input or output delay  
An output delay is missing on matrix_c[272] relative to the rising and/or falling clock edge(s) of clk.
Related violations: <none>

TIMING-18#452 Warning
Missing input or output delay  
An output delay is missing on matrix_c[273] relative to the rising and/or falling clock edge(s) of clk.
Related violations: <none>

TIMING-18#453 Warning
Missing input or output delay  
An output delay is missing on matrix_c[274] relative to the rising and/or falling clock edge(s) of clk.
Related violations: <none>

TIMING-18#454 Warning
Missing input or output delay  
An output delay is missing on matrix_c[275] relative to the rising and/or falling clock edge(s) of clk.
Related violations: <none>

TIMING-18#455 Warning
Missing input or output delay  
An output delay is missing on matrix_c[276] relative to the rising and/or falling clock edge(s) of clk.
Related violations: <none>

TIMING-18#456 Warning
Missing input or output delay  
An output delay is missing on matrix_c[277] relative to the rising and/or falling clock edge(s) of clk.
Related violations: <none>

TIMING-18#457 Warning
Missing input or output delay  
An output delay is missing on matrix_c[278] relative to the rising and/or falling clock edge(s) of clk.
Related violations: <none>

TIMING-18#458 Warning
Missing input or output delay  
An output delay is missing on matrix_c[279] relative to the rising and/or falling clock edge(s) of clk.
Related violations: <none>

TIMING-18#459 Warning
Missing input or output delay  
An output delay is missing on matrix_c[27] relative to the rising and/or falling clock edge(s) of clk.
Related violations: <none>

TIMING-18#460 Warning
Missing input or output delay  
An output delay is missing on matrix_c[280] relative to the rising and/or falling clock edge(s) of clk.
Related violations: <none>

TIMING-18#461 Warning
Missing input or output delay  
An output delay is missing on matrix_c[281] relative to the rising and/or falling clock edge(s) of clk.
Related violations: <none>

TIMING-18#462 Warning
Missing input or output delay  
An output delay is missing on matrix_c[282] relative to the rising and/or falling clock edge(s) of clk.
Related violations: <none>

TIMING-18#463 Warning
Missing input or output delay  
An output delay is missing on matrix_c[283] relative to the rising and/or falling clock edge(s) of clk.
Related violations: <none>

TIMING-18#464 Warning
Missing input or output delay  
An output delay is missing on matrix_c[284] relative to the rising and/or falling clock edge(s) of clk.
Related violations: <none>

TIMING-18#465 Warning
Missing input or output delay  
An output delay is missing on matrix_c[285] relative to the rising and/or falling clock edge(s) of clk.
Related violations: <none>

TIMING-18#466 Warning
Missing input or output delay  
An output delay is missing on matrix_c[286] relative to the rising and/or falling clock edge(s) of clk.
Related violations: <none>

TIMING-18#467 Warning
Missing input or output delay  
An output delay is missing on matrix_c[287] relative to the rising and/or falling clock edge(s) of clk.
Related violations: <none>

TIMING-18#468 Warning
Missing input or output delay  
An output delay is missing on matrix_c[288] relative to the rising and/or falling clock edge(s) of clk.
Related violations: <none>

TIMING-18#469 Warning
Missing input or output delay  
An output delay is missing on matrix_c[289] relative to the rising and/or falling clock edge(s) of clk.
Related violations: <none>

TIMING-18#470 Warning
Missing input or output delay  
An output delay is missing on matrix_c[28] relative to the rising and/or falling clock edge(s) of clk.
Related violations: <none>

TIMING-18#471 Warning
Missing input or output delay  
An output delay is missing on matrix_c[290] relative to the rising and/or falling clock edge(s) of clk.
Related violations: <none>

TIMING-18#472 Warning
Missing input or output delay  
An output delay is missing on matrix_c[291] relative to the rising and/or falling clock edge(s) of clk.
Related violations: <none>

TIMING-18#473 Warning
Missing input or output delay  
An output delay is missing on matrix_c[292] relative to the rising and/or falling clock edge(s) of clk.
Related violations: <none>

TIMING-18#474 Warning
Missing input or output delay  
An output delay is missing on matrix_c[293] relative to the rising and/or falling clock edge(s) of clk.
Related violations: <none>

TIMING-18#475 Warning
Missing input or output delay  
An output delay is missing on matrix_c[294] relative to the rising and/or falling clock edge(s) of clk.
Related violations: <none>

TIMING-18#476 Warning
Missing input or output delay  
An output delay is missing on matrix_c[295] relative to the rising and/or falling clock edge(s) of clk.
Related violations: <none>

TIMING-18#477 Warning
Missing input or output delay  
An output delay is missing on matrix_c[296] relative to the rising and/or falling clock edge(s) of clk.
Related violations: <none>

TIMING-18#478 Warning
Missing input or output delay  
An output delay is missing on matrix_c[297] relative to the rising and/or falling clock edge(s) of clk.
Related violations: <none>

TIMING-18#479 Warning
Missing input or output delay  
An output delay is missing on matrix_c[298] relative to the rising and/or falling clock edge(s) of clk.
Related violations: <none>

TIMING-18#480 Warning
Missing input or output delay  
An output delay is missing on matrix_c[299] relative to the rising and/or falling clock edge(s) of clk.
Related violations: <none>

TIMING-18#481 Warning
Missing input or output delay  
An output delay is missing on matrix_c[29] relative to the rising and/or falling clock edge(s) of clk.
Related violations: <none>

TIMING-18#482 Warning
Missing input or output delay  
An output delay is missing on matrix_c[2] relative to the rising and/or falling clock edge(s) of clk.
Related violations: <none>

TIMING-18#483 Warning
Missing input or output delay  
An output delay is missing on matrix_c[300] relative to the rising and/or falling clock edge(s) of clk.
Related violations: <none>

TIMING-18#484 Warning
Missing input or output delay  
An output delay is missing on matrix_c[301] relative to the rising and/or falling clock edge(s) of clk.
Related violations: <none>

TIMING-18#485 Warning
Missing input or output delay  
An output delay is missing on matrix_c[302] relative to the rising and/or falling clock edge(s) of clk.
Related violations: <none>

TIMING-18#486 Warning
Missing input or output delay  
An output delay is missing on matrix_c[303] relative to the rising and/or falling clock edge(s) of clk.
Related violations: <none>

TIMING-18#487 Warning
Missing input or output delay  
An output delay is missing on matrix_c[304] relative to the rising and/or falling clock edge(s) of clk.
Related violations: <none>

TIMING-18#488 Warning
Missing input or output delay  
An output delay is missing on matrix_c[305] relative to the rising and/or falling clock edge(s) of clk.
Related violations: <none>

TIMING-18#489 Warning
Missing input or output delay  
An output delay is missing on matrix_c[306] relative to the rising and/or falling clock edge(s) of clk.
Related violations: <none>

TIMING-18#490 Warning
Missing input or output delay  
An output delay is missing on matrix_c[307] relative to the rising and/or falling clock edge(s) of clk.
Related violations: <none>

TIMING-18#491 Warning
Missing input or output delay  
An output delay is missing on matrix_c[308] relative to the rising and/or falling clock edge(s) of clk.
Related violations: <none>

TIMING-18#492 Warning
Missing input or output delay  
An output delay is missing on matrix_c[309] relative to the rising and/or falling clock edge(s) of clk.
Related violations: <none>

TIMING-18#493 Warning
Missing input or output delay  
An output delay is missing on matrix_c[30] relative to the rising and/or falling clock edge(s) of clk.
Related violations: <none>

TIMING-18#494 Warning
Missing input or output delay  
An output delay is missing on matrix_c[310] relative to the rising and/or falling clock edge(s) of clk.
Related violations: <none>

TIMING-18#495 Warning
Missing input or output delay  
An output delay is missing on matrix_c[311] relative to the rising and/or falling clock edge(s) of clk.
Related violations: <none>

TIMING-18#496 Warning
Missing input or output delay  
An output delay is missing on matrix_c[312] relative to the rising and/or falling clock edge(s) of clk.
Related violations: <none>

TIMING-18#497 Warning
Missing input or output delay  
An output delay is missing on matrix_c[313] relative to the rising and/or falling clock edge(s) of clk.
Related violations: <none>

TIMING-18#498 Warning
Missing input or output delay  
An output delay is missing on matrix_c[314] relative to the rising and/or falling clock edge(s) of clk.
Related violations: <none>

TIMING-18#499 Warning
Missing input or output delay  
An output delay is missing on matrix_c[315] relative to the rising and/or falling clock edge(s) of clk.
Related violations: <none>

TIMING-18#500 Warning
Missing input or output delay  
An output delay is missing on matrix_c[316] relative to the rising and/or falling clock edge(s) of clk.
Related violations: <none>

TIMING-18#501 Warning
Missing input or output delay  
An output delay is missing on matrix_c[317] relative to the rising and/or falling clock edge(s) of clk.
Related violations: <none>

TIMING-18#502 Warning
Missing input or output delay  
An output delay is missing on matrix_c[318] relative to the rising and/or falling clock edge(s) of clk.
Related violations: <none>

TIMING-18#503 Warning
Missing input or output delay  
An output delay is missing on matrix_c[319] relative to the rising and/or falling clock edge(s) of clk.
Related violations: <none>

TIMING-18#504 Warning
Missing input or output delay  
An output delay is missing on matrix_c[31] relative to the rising and/or falling clock edge(s) of clk.
Related violations: <none>

TIMING-18#505 Warning
Missing input or output delay  
An output delay is missing on matrix_c[320] relative to the rising and/or falling clock edge(s) of clk.
Related violations: <none>

TIMING-18#506 Warning
Missing input or output delay  
An output delay is missing on matrix_c[321] relative to the rising and/or falling clock edge(s) of clk.
Related violations: <none>

TIMING-18#507 Warning
Missing input or output delay  
An output delay is missing on matrix_c[322] relative to the rising and/or falling clock edge(s) of clk.
Related violations: <none>

TIMING-18#508 Warning
Missing input or output delay  
An output delay is missing on matrix_c[323] relative to the rising and/or falling clock edge(s) of clk.
Related violations: <none>

TIMING-18#509 Warning
Missing input or output delay  
An output delay is missing on matrix_c[324] relative to the rising and/or falling clock edge(s) of clk.
Related violations: <none>

TIMING-18#510 Warning
Missing input or output delay  
An output delay is missing on matrix_c[325] relative to the rising and/or falling clock edge(s) of clk.
Related violations: <none>

TIMING-18#511 Warning
Missing input or output delay  
An output delay is missing on matrix_c[326] relative to the rising and/or falling clock edge(s) of clk.
Related violations: <none>

TIMING-18#512 Warning
Missing input or output delay  
An output delay is missing on matrix_c[327] relative to the rising and/or falling clock edge(s) of clk.
Related violations: <none>

TIMING-18#513 Warning
Missing input or output delay  
An output delay is missing on matrix_c[328] relative to the rising and/or falling clock edge(s) of clk.
Related violations: <none>

TIMING-18#514 Warning
Missing input or output delay  
An output delay is missing on matrix_c[329] relative to the rising and/or falling clock edge(s) of clk.
Related violations: <none>

TIMING-18#515 Warning
Missing input or output delay  
An output delay is missing on matrix_c[32] relative to the rising and/or falling clock edge(s) of clk.
Related violations: <none>

TIMING-18#516 Warning
Missing input or output delay  
An output delay is missing on matrix_c[330] relative to the rising and/or falling clock edge(s) of clk.
Related violations: <none>

TIMING-18#517 Warning
Missing input or output delay  
An output delay is missing on matrix_c[331] relative to the rising and/or falling clock edge(s) of clk.
Related violations: <none>

TIMING-18#518 Warning
Missing input or output delay  
An output delay is missing on matrix_c[332] relative to the rising and/or falling clock edge(s) of clk.
Related violations: <none>

TIMING-18#519 Warning
Missing input or output delay  
An output delay is missing on matrix_c[333] relative to the rising and/or falling clock edge(s) of clk.
Related violations: <none>

TIMING-18#520 Warning
Missing input or output delay  
An output delay is missing on matrix_c[334] relative to the rising and/or falling clock edge(s) of clk.
Related violations: <none>

TIMING-18#521 Warning
Missing input or output delay  
An output delay is missing on matrix_c[335] relative to the rising and/or falling clock edge(s) of clk.
Related violations: <none>

TIMING-18#522 Warning
Missing input or output delay  
An output delay is missing on matrix_c[336] relative to the rising and/or falling clock edge(s) of clk.
Related violations: <none>

TIMING-18#523 Warning
Missing input or output delay  
An output delay is missing on matrix_c[337] relative to the rising and/or falling clock edge(s) of clk.
Related violations: <none>

TIMING-18#524 Warning
Missing input or output delay  
An output delay is missing on matrix_c[338] relative to the rising and/or falling clock edge(s) of clk.
Related violations: <none>

TIMING-18#525 Warning
Missing input or output delay  
An output delay is missing on matrix_c[339] relative to the rising and/or falling clock edge(s) of clk.
Related violations: <none>

TIMING-18#526 Warning
Missing input or output delay  
An output delay is missing on matrix_c[33] relative to the rising and/or falling clock edge(s) of clk.
Related violations: <none>

TIMING-18#527 Warning
Missing input or output delay  
An output delay is missing on matrix_c[340] relative to the rising and/or falling clock edge(s) of clk.
Related violations: <none>

TIMING-18#528 Warning
Missing input or output delay  
An output delay is missing on matrix_c[341] relative to the rising and/or falling clock edge(s) of clk.
Related violations: <none>

TIMING-18#529 Warning
Missing input or output delay  
An output delay is missing on matrix_c[342] relative to the rising and/or falling clock edge(s) of clk.
Related violations: <none>

TIMING-18#530 Warning
Missing input or output delay  
An output delay is missing on matrix_c[343] relative to the rising and/or falling clock edge(s) of clk.
Related violations: <none>

TIMING-18#531 Warning
Missing input or output delay  
An output delay is missing on matrix_c[344] relative to the rising and/or falling clock edge(s) of clk.
Related violations: <none>

TIMING-18#532 Warning
Missing input or output delay  
An output delay is missing on matrix_c[345] relative to the rising and/or falling clock edge(s) of clk.
Related violations: <none>

TIMING-18#533 Warning
Missing input or output delay  
An output delay is missing on matrix_c[346] relative to the rising and/or falling clock edge(s) of clk.
Related violations: <none>

TIMING-18#534 Warning
Missing input or output delay  
An output delay is missing on matrix_c[347] relative to the rising and/or falling clock edge(s) of clk.
Related violations: <none>

TIMING-18#535 Warning
Missing input or output delay  
An output delay is missing on matrix_c[348] relative to the rising and/or falling clock edge(s) of clk.
Related violations: <none>

TIMING-18#536 Warning
Missing input or output delay  
An output delay is missing on matrix_c[349] relative to the rising and/or falling clock edge(s) of clk.
Related violations: <none>

TIMING-18#537 Warning
Missing input or output delay  
An output delay is missing on matrix_c[34] relative to the rising and/or falling clock edge(s) of clk.
Related violations: <none>

TIMING-18#538 Warning
Missing input or output delay  
An output delay is missing on matrix_c[350] relative to the rising and/or falling clock edge(s) of clk.
Related violations: <none>

TIMING-18#539 Warning
Missing input or output delay  
An output delay is missing on matrix_c[351] relative to the rising and/or falling clock edge(s) of clk.
Related violations: <none>

TIMING-18#540 Warning
Missing input or output delay  
An output delay is missing on matrix_c[352] relative to the rising and/or falling clock edge(s) of clk.
Related violations: <none>

TIMING-18#541 Warning
Missing input or output delay  
An output delay is missing on matrix_c[353] relative to the rising and/or falling clock edge(s) of clk.
Related violations: <none>

TIMING-18#542 Warning
Missing input or output delay  
An output delay is missing on matrix_c[354] relative to the rising and/or falling clock edge(s) of clk.
Related violations: <none>

TIMING-18#543 Warning
Missing input or output delay  
An output delay is missing on matrix_c[355] relative to the rising and/or falling clock edge(s) of clk.
Related violations: <none>

TIMING-18#544 Warning
Missing input or output delay  
An output delay is missing on matrix_c[356] relative to the rising and/or falling clock edge(s) of clk.
Related violations: <none>

TIMING-18#545 Warning
Missing input or output delay  
An output delay is missing on matrix_c[357] relative to the rising and/or falling clock edge(s) of clk.
Related violations: <none>

TIMING-18#546 Warning
Missing input or output delay  
An output delay is missing on matrix_c[358] relative to the rising and/or falling clock edge(s) of clk.
Related violations: <none>

TIMING-18#547 Warning
Missing input or output delay  
An output delay is missing on matrix_c[359] relative to the rising and/or falling clock edge(s) of clk.
Related violations: <none>

TIMING-18#548 Warning
Missing input or output delay  
An output delay is missing on matrix_c[35] relative to the rising and/or falling clock edge(s) of clk.
Related violations: <none>

TIMING-18#549 Warning
Missing input or output delay  
An output delay is missing on matrix_c[360] relative to the rising and/or falling clock edge(s) of clk.
Related violations: <none>

TIMING-18#550 Warning
Missing input or output delay  
An output delay is missing on matrix_c[361] relative to the rising and/or falling clock edge(s) of clk.
Related violations: <none>

TIMING-18#551 Warning
Missing input or output delay  
An output delay is missing on matrix_c[362] relative to the rising and/or falling clock edge(s) of clk.
Related violations: <none>

TIMING-18#552 Warning
Missing input or output delay  
An output delay is missing on matrix_c[363] relative to the rising and/or falling clock edge(s) of clk.
Related violations: <none>

TIMING-18#553 Warning
Missing input or output delay  
An output delay is missing on matrix_c[364] relative to the rising and/or falling clock edge(s) of clk.
Related violations: <none>

TIMING-18#554 Warning
Missing input or output delay  
An output delay is missing on matrix_c[365] relative to the rising and/or falling clock edge(s) of clk.
Related violations: <none>

TIMING-18#555 Warning
Missing input or output delay  
An output delay is missing on matrix_c[366] relative to the rising and/or falling clock edge(s) of clk.
Related violations: <none>

TIMING-18#556 Warning
Missing input or output delay  
An output delay is missing on matrix_c[367] relative to the rising and/or falling clock edge(s) of clk.
Related violations: <none>

TIMING-18#557 Warning
Missing input or output delay  
An output delay is missing on matrix_c[368] relative to the rising and/or falling clock edge(s) of clk.
Related violations: <none>

TIMING-18#558 Warning
Missing input or output delay  
An output delay is missing on matrix_c[369] relative to the rising and/or falling clock edge(s) of clk.
Related violations: <none>

TIMING-18#559 Warning
Missing input or output delay  
An output delay is missing on matrix_c[36] relative to the rising and/or falling clock edge(s) of clk.
Related violations: <none>

TIMING-18#560 Warning
Missing input or output delay  
An output delay is missing on matrix_c[370] relative to the rising and/or falling clock edge(s) of clk.
Related violations: <none>

TIMING-18#561 Warning
Missing input or output delay  
An output delay is missing on matrix_c[371] relative to the rising and/or falling clock edge(s) of clk.
Related violations: <none>

TIMING-18#562 Warning
Missing input or output delay  
An output delay is missing on matrix_c[372] relative to the rising and/or falling clock edge(s) of clk.
Related violations: <none>

TIMING-18#563 Warning
Missing input or output delay  
An output delay is missing on matrix_c[373] relative to the rising and/or falling clock edge(s) of clk.
Related violations: <none>

TIMING-18#564 Warning
Missing input or output delay  
An output delay is missing on matrix_c[374] relative to the rising and/or falling clock edge(s) of clk.
Related violations: <none>

TIMING-18#565 Warning
Missing input or output delay  
An output delay is missing on matrix_c[375] relative to the rising and/or falling clock edge(s) of clk.
Related violations: <none>

TIMING-18#566 Warning
Missing input or output delay  
An output delay is missing on matrix_c[376] relative to the rising and/or falling clock edge(s) of clk.
Related violations: <none>

TIMING-18#567 Warning
Missing input or output delay  
An output delay is missing on matrix_c[377] relative to the rising and/or falling clock edge(s) of clk.
Related violations: <none>

TIMING-18#568 Warning
Missing input or output delay  
An output delay is missing on matrix_c[378] relative to the rising and/or falling clock edge(s) of clk.
Related violations: <none>

TIMING-18#569 Warning
Missing input or output delay  
An output delay is missing on matrix_c[379] relative to the rising and/or falling clock edge(s) of clk.
Related violations: <none>

TIMING-18#570 Warning
Missing input or output delay  
An output delay is missing on matrix_c[37] relative to the rising and/or falling clock edge(s) of clk.
Related violations: <none>

TIMING-18#571 Warning
Missing input or output delay  
An output delay is missing on matrix_c[380] relative to the rising and/or falling clock edge(s) of clk.
Related violations: <none>

TIMING-18#572 Warning
Missing input or output delay  
An output delay is missing on matrix_c[381] relative to the rising and/or falling clock edge(s) of clk.
Related violations: <none>

TIMING-18#573 Warning
Missing input or output delay  
An output delay is missing on matrix_c[382] relative to the rising and/or falling clock edge(s) of clk.
Related violations: <none>

TIMING-18#574 Warning
Missing input or output delay  
An output delay is missing on matrix_c[383] relative to the rising and/or falling clock edge(s) of clk.
Related violations: <none>

TIMING-18#575 Warning
Missing input or output delay  
An output delay is missing on matrix_c[384] relative to the rising and/or falling clock edge(s) of clk.
Related violations: <none>

TIMING-18#576 Warning
Missing input or output delay  
An output delay is missing on matrix_c[385] relative to the rising and/or falling clock edge(s) of clk.
Related violations: <none>

TIMING-18#577 Warning
Missing input or output delay  
An output delay is missing on matrix_c[386] relative to the rising and/or falling clock edge(s) of clk.
Related violations: <none>

TIMING-18#578 Warning
Missing input or output delay  
An output delay is missing on matrix_c[387] relative to the rising and/or falling clock edge(s) of clk.
Related violations: <none>

TIMING-18#579 Warning
Missing input or output delay  
An output delay is missing on matrix_c[388] relative to the rising and/or falling clock edge(s) of clk.
Related violations: <none>

TIMING-18#580 Warning
Missing input or output delay  
An output delay is missing on matrix_c[389] relative to the rising and/or falling clock edge(s) of clk.
Related violations: <none>

TIMING-18#581 Warning
Missing input or output delay  
An output delay is missing on matrix_c[38] relative to the rising and/or falling clock edge(s) of clk.
Related violations: <none>

TIMING-18#582 Warning
Missing input or output delay  
An output delay is missing on matrix_c[390] relative to the rising and/or falling clock edge(s) of clk.
Related violations: <none>

TIMING-18#583 Warning
Missing input or output delay  
An output delay is missing on matrix_c[391] relative to the rising and/or falling clock edge(s) of clk.
Related violations: <none>

TIMING-18#584 Warning
Missing input or output delay  
An output delay is missing on matrix_c[392] relative to the rising and/or falling clock edge(s) of clk.
Related violations: <none>

TIMING-18#585 Warning
Missing input or output delay  
An output delay is missing on matrix_c[393] relative to the rising and/or falling clock edge(s) of clk.
Related violations: <none>

TIMING-18#586 Warning
Missing input or output delay  
An output delay is missing on matrix_c[394] relative to the rising and/or falling clock edge(s) of clk.
Related violations: <none>

TIMING-18#587 Warning
Missing input or output delay  
An output delay is missing on matrix_c[395] relative to the rising and/or falling clock edge(s) of clk.
Related violations: <none>

TIMING-18#588 Warning
Missing input or output delay  
An output delay is missing on matrix_c[396] relative to the rising and/or falling clock edge(s) of clk.
Related violations: <none>

TIMING-18#589 Warning
Missing input or output delay  
An output delay is missing on matrix_c[397] relative to the rising and/or falling clock edge(s) of clk.
Related violations: <none>

TIMING-18#590 Warning
Missing input or output delay  
An output delay is missing on matrix_c[398] relative to the rising and/or falling clock edge(s) of clk.
Related violations: <none>

TIMING-18#591 Warning
Missing input or output delay  
An output delay is missing on matrix_c[399] relative to the rising and/or falling clock edge(s) of clk.
Related violations: <none>

TIMING-18#592 Warning
Missing input or output delay  
An output delay is missing on matrix_c[39] relative to the rising and/or falling clock edge(s) of clk.
Related violations: <none>

TIMING-18#593 Warning
Missing input or output delay  
An output delay is missing on matrix_c[3] relative to the rising and/or falling clock edge(s) of clk.
Related violations: <none>

TIMING-18#594 Warning
Missing input or output delay  
An output delay is missing on matrix_c[400] relative to the rising and/or falling clock edge(s) of clk.
Related violations: <none>

TIMING-18#595 Warning
Missing input or output delay  
An output delay is missing on matrix_c[401] relative to the rising and/or falling clock edge(s) of clk.
Related violations: <none>

TIMING-18#596 Warning
Missing input or output delay  
An output delay is missing on matrix_c[402] relative to the rising and/or falling clock edge(s) of clk.
Related violations: <none>

TIMING-18#597 Warning
Missing input or output delay  
An output delay is missing on matrix_c[403] relative to the rising and/or falling clock edge(s) of clk.
Related violations: <none>

TIMING-18#598 Warning
Missing input or output delay  
An output delay is missing on matrix_c[404] relative to the rising and/or falling clock edge(s) of clk.
Related violations: <none>

TIMING-18#599 Warning
Missing input or output delay  
An output delay is missing on matrix_c[405] relative to the rising and/or falling clock edge(s) of clk.
Related violations: <none>

TIMING-18#600 Warning
Missing input or output delay  
An output delay is missing on matrix_c[406] relative to the rising and/or falling clock edge(s) of clk.
Related violations: <none>

TIMING-18#601 Warning
Missing input or output delay  
An output delay is missing on matrix_c[407] relative to the rising and/or falling clock edge(s) of clk.
Related violations: <none>

TIMING-18#602 Warning
Missing input or output delay  
An output delay is missing on matrix_c[408] relative to the rising and/or falling clock edge(s) of clk.
Related violations: <none>

TIMING-18#603 Warning
Missing input or output delay  
An output delay is missing on matrix_c[409] relative to the rising and/or falling clock edge(s) of clk.
Related violations: <none>

TIMING-18#604 Warning
Missing input or output delay  
An output delay is missing on matrix_c[40] relative to the rising and/or falling clock edge(s) of clk.
Related violations: <none>

TIMING-18#605 Warning
Missing input or output delay  
An output delay is missing on matrix_c[410] relative to the rising and/or falling clock edge(s) of clk.
Related violations: <none>

TIMING-18#606 Warning
Missing input or output delay  
An output delay is missing on matrix_c[411] relative to the rising and/or falling clock edge(s) of clk.
Related violations: <none>

TIMING-18#607 Warning
Missing input or output delay  
An output delay is missing on matrix_c[412] relative to the rising and/or falling clock edge(s) of clk.
Related violations: <none>

TIMING-18#608 Warning
Missing input or output delay  
An output delay is missing on matrix_c[413] relative to the rising and/or falling clock edge(s) of clk.
Related violations: <none>

TIMING-18#609 Warning
Missing input or output delay  
An output delay is missing on matrix_c[414] relative to the rising and/or falling clock edge(s) of clk.
Related violations: <none>

TIMING-18#610 Warning
Missing input or output delay  
An output delay is missing on matrix_c[415] relative to the rising and/or falling clock edge(s) of clk.
Related violations: <none>

TIMING-18#611 Warning
Missing input or output delay  
An output delay is missing on matrix_c[416] relative to the rising and/or falling clock edge(s) of clk.
Related violations: <none>

TIMING-18#612 Warning
Missing input or output delay  
An output delay is missing on matrix_c[417] relative to the rising and/or falling clock edge(s) of clk.
Related violations: <none>

TIMING-18#613 Warning
Missing input or output delay  
An output delay is missing on matrix_c[418] relative to the rising and/or falling clock edge(s) of clk.
Related violations: <none>

TIMING-18#614 Warning
Missing input or output delay  
An output delay is missing on matrix_c[419] relative to the rising and/or falling clock edge(s) of clk.
Related violations: <none>

TIMING-18#615 Warning
Missing input or output delay  
An output delay is missing on matrix_c[41] relative to the rising and/or falling clock edge(s) of clk.
Related violations: <none>

TIMING-18#616 Warning
Missing input or output delay  
An output delay is missing on matrix_c[420] relative to the rising and/or falling clock edge(s) of clk.
Related violations: <none>

TIMING-18#617 Warning
Missing input or output delay  
An output delay is missing on matrix_c[421] relative to the rising and/or falling clock edge(s) of clk.
Related violations: <none>

TIMING-18#618 Warning
Missing input or output delay  
An output delay is missing on matrix_c[422] relative to the rising and/or falling clock edge(s) of clk.
Related violations: <none>

TIMING-18#619 Warning
Missing input or output delay  
An output delay is missing on matrix_c[423] relative to the rising and/or falling clock edge(s) of clk.
Related violations: <none>

TIMING-18#620 Warning
Missing input or output delay  
An output delay is missing on matrix_c[424] relative to the rising and/or falling clock edge(s) of clk.
Related violations: <none>

TIMING-18#621 Warning
Missing input or output delay  
An output delay is missing on matrix_c[425] relative to the rising and/or falling clock edge(s) of clk.
Related violations: <none>

TIMING-18#622 Warning
Missing input or output delay  
An output delay is missing on matrix_c[426] relative to the rising and/or falling clock edge(s) of clk.
Related violations: <none>

TIMING-18#623 Warning
Missing input or output delay  
An output delay is missing on matrix_c[427] relative to the rising and/or falling clock edge(s) of clk.
Related violations: <none>

TIMING-18#624 Warning
Missing input or output delay  
An output delay is missing on matrix_c[428] relative to the rising and/or falling clock edge(s) of clk.
Related violations: <none>

TIMING-18#625 Warning
Missing input or output delay  
An output delay is missing on matrix_c[429] relative to the rising and/or falling clock edge(s) of clk.
Related violations: <none>

TIMING-18#626 Warning
Missing input or output delay  
An output delay is missing on matrix_c[42] relative to the rising and/or falling clock edge(s) of clk.
Related violations: <none>

TIMING-18#627 Warning
Missing input or output delay  
An output delay is missing on matrix_c[430] relative to the rising and/or falling clock edge(s) of clk.
Related violations: <none>

TIMING-18#628 Warning
Missing input or output delay  
An output delay is missing on matrix_c[431] relative to the rising and/or falling clock edge(s) of clk.
Related violations: <none>

TIMING-18#629 Warning
Missing input or output delay  
An output delay is missing on matrix_c[432] relative to the rising and/or falling clock edge(s) of clk.
Related violations: <none>

TIMING-18#630 Warning
Missing input or output delay  
An output delay is missing on matrix_c[433] relative to the rising and/or falling clock edge(s) of clk.
Related violations: <none>

TIMING-18#631 Warning
Missing input or output delay  
An output delay is missing on matrix_c[434] relative to the rising and/or falling clock edge(s) of clk.
Related violations: <none>

TIMING-18#632 Warning
Missing input or output delay  
An output delay is missing on matrix_c[435] relative to the rising and/or falling clock edge(s) of clk.
Related violations: <none>

TIMING-18#633 Warning
Missing input or output delay  
An output delay is missing on matrix_c[436] relative to the rising and/or falling clock edge(s) of clk.
Related violations: <none>

TIMING-18#634 Warning
Missing input or output delay  
An output delay is missing on matrix_c[437] relative to the rising and/or falling clock edge(s) of clk.
Related violations: <none>

TIMING-18#635 Warning
Missing input or output delay  
An output delay is missing on matrix_c[438] relative to the rising and/or falling clock edge(s) of clk.
Related violations: <none>

TIMING-18#636 Warning
Missing input or output delay  
An output delay is missing on matrix_c[439] relative to the rising and/or falling clock edge(s) of clk.
Related violations: <none>

TIMING-18#637 Warning
Missing input or output delay  
An output delay is missing on matrix_c[43] relative to the rising and/or falling clock edge(s) of clk.
Related violations: <none>

TIMING-18#638 Warning
Missing input or output delay  
An output delay is missing on matrix_c[440] relative to the rising and/or falling clock edge(s) of clk.
Related violations: <none>

TIMING-18#639 Warning
Missing input or output delay  
An output delay is missing on matrix_c[441] relative to the rising and/or falling clock edge(s) of clk.
Related violations: <none>

TIMING-18#640 Warning
Missing input or output delay  
An output delay is missing on matrix_c[442] relative to the rising and/or falling clock edge(s) of clk.
Related violations: <none>

TIMING-18#641 Warning
Missing input or output delay  
An output delay is missing on matrix_c[443] relative to the rising and/or falling clock edge(s) of clk.
Related violations: <none>

TIMING-18#642 Warning
Missing input or output delay  
An output delay is missing on matrix_c[444] relative to the rising and/or falling clock edge(s) of clk.
Related violations: <none>

TIMING-18#643 Warning
Missing input or output delay  
An output delay is missing on matrix_c[445] relative to the rising and/or falling clock edge(s) of clk.
Related violations: <none>

TIMING-18#644 Warning
Missing input or output delay  
An output delay is missing on matrix_c[446] relative to the rising and/or falling clock edge(s) of clk.
Related violations: <none>

TIMING-18#645 Warning
Missing input or output delay  
An output delay is missing on matrix_c[447] relative to the rising and/or falling clock edge(s) of clk.
Related violations: <none>

TIMING-18#646 Warning
Missing input or output delay  
An output delay is missing on matrix_c[448] relative to the rising and/or falling clock edge(s) of clk.
Related violations: <none>

TIMING-18#647 Warning
Missing input or output delay  
An output delay is missing on matrix_c[449] relative to the rising and/or falling clock edge(s) of clk.
Related violations: <none>

TIMING-18#648 Warning
Missing input or output delay  
An output delay is missing on matrix_c[44] relative to the rising and/or falling clock edge(s) of clk.
Related violations: <none>

TIMING-18#649 Warning
Missing input or output delay  
An output delay is missing on matrix_c[450] relative to the rising and/or falling clock edge(s) of clk.
Related violations: <none>

TIMING-18#650 Warning
Missing input or output delay  
An output delay is missing on matrix_c[451] relative to the rising and/or falling clock edge(s) of clk.
Related violations: <none>

TIMING-18#651 Warning
Missing input or output delay  
An output delay is missing on matrix_c[452] relative to the rising and/or falling clock edge(s) of clk.
Related violations: <none>

TIMING-18#652 Warning
Missing input or output delay  
An output delay is missing on matrix_c[453] relative to the rising and/or falling clock edge(s) of clk.
Related violations: <none>

TIMING-18#653 Warning
Missing input or output delay  
An output delay is missing on matrix_c[454] relative to the rising and/or falling clock edge(s) of clk.
Related violations: <none>

TIMING-18#654 Warning
Missing input or output delay  
An output delay is missing on matrix_c[455] relative to the rising and/or falling clock edge(s) of clk.
Related violations: <none>

TIMING-18#655 Warning
Missing input or output delay  
An output delay is missing on matrix_c[456] relative to the rising and/or falling clock edge(s) of clk.
Related violations: <none>

TIMING-18#656 Warning
Missing input or output delay  
An output delay is missing on matrix_c[457] relative to the rising and/or falling clock edge(s) of clk.
Related violations: <none>

TIMING-18#657 Warning
Missing input or output delay  
An output delay is missing on matrix_c[458] relative to the rising and/or falling clock edge(s) of clk.
Related violations: <none>

TIMING-18#658 Warning
Missing input or output delay  
An output delay is missing on matrix_c[459] relative to the rising and/or falling clock edge(s) of clk.
Related violations: <none>

TIMING-18#659 Warning
Missing input or output delay  
An output delay is missing on matrix_c[45] relative to the rising and/or falling clock edge(s) of clk.
Related violations: <none>

TIMING-18#660 Warning
Missing input or output delay  
An output delay is missing on matrix_c[460] relative to the rising and/or falling clock edge(s) of clk.
Related violations: <none>

TIMING-18#661 Warning
Missing input or output delay  
An output delay is missing on matrix_c[461] relative to the rising and/or falling clock edge(s) of clk.
Related violations: <none>

TIMING-18#662 Warning
Missing input or output delay  
An output delay is missing on matrix_c[462] relative to the rising and/or falling clock edge(s) of clk.
Related violations: <none>

TIMING-18#663 Warning
Missing input or output delay  
An output delay is missing on matrix_c[463] relative to the rising and/or falling clock edge(s) of clk.
Related violations: <none>

TIMING-18#664 Warning
Missing input or output delay  
An output delay is missing on matrix_c[464] relative to the rising and/or falling clock edge(s) of clk.
Related violations: <none>

TIMING-18#665 Warning
Missing input or output delay  
An output delay is missing on matrix_c[465] relative to the rising and/or falling clock edge(s) of clk.
Related violations: <none>

TIMING-18#666 Warning
Missing input or output delay  
An output delay is missing on matrix_c[466] relative to the rising and/or falling clock edge(s) of clk.
Related violations: <none>

TIMING-18#667 Warning
Missing input or output delay  
An output delay is missing on matrix_c[467] relative to the rising and/or falling clock edge(s) of clk.
Related violations: <none>

TIMING-18#668 Warning
Missing input or output delay  
An output delay is missing on matrix_c[468] relative to the rising and/or falling clock edge(s) of clk.
Related violations: <none>

TIMING-18#669 Warning
Missing input or output delay  
An output delay is missing on matrix_c[469] relative to the rising and/or falling clock edge(s) of clk.
Related violations: <none>

TIMING-18#670 Warning
Missing input or output delay  
An output delay is missing on matrix_c[46] relative to the rising and/or falling clock edge(s) of clk.
Related violations: <none>

TIMING-18#671 Warning
Missing input or output delay  
An output delay is missing on matrix_c[470] relative to the rising and/or falling clock edge(s) of clk.
Related violations: <none>

TIMING-18#672 Warning
Missing input or output delay  
An output delay is missing on matrix_c[471] relative to the rising and/or falling clock edge(s) of clk.
Related violations: <none>

TIMING-18#673 Warning
Missing input or output delay  
An output delay is missing on matrix_c[472] relative to the rising and/or falling clock edge(s) of clk.
Related violations: <none>

TIMING-18#674 Warning
Missing input or output delay  
An output delay is missing on matrix_c[473] relative to the rising and/or falling clock edge(s) of clk.
Related violations: <none>

TIMING-18#675 Warning
Missing input or output delay  
An output delay is missing on matrix_c[474] relative to the rising and/or falling clock edge(s) of clk.
Related violations: <none>

TIMING-18#676 Warning
Missing input or output delay  
An output delay is missing on matrix_c[475] relative to the rising and/or falling clock edge(s) of clk.
Related violations: <none>

TIMING-18#677 Warning
Missing input or output delay  
An output delay is missing on matrix_c[476] relative to the rising and/or falling clock edge(s) of clk.
Related violations: <none>

TIMING-18#678 Warning
Missing input or output delay  
An output delay is missing on matrix_c[477] relative to the rising and/or falling clock edge(s) of clk.
Related violations: <none>

TIMING-18#679 Warning
Missing input or output delay  
An output delay is missing on matrix_c[478] relative to the rising and/or falling clock edge(s) of clk.
Related violations: <none>

TIMING-18#680 Warning
Missing input or output delay  
An output delay is missing on matrix_c[479] relative to the rising and/or falling clock edge(s) of clk.
Related violations: <none>

TIMING-18#681 Warning
Missing input or output delay  
An output delay is missing on matrix_c[47] relative to the rising and/or falling clock edge(s) of clk.
Related violations: <none>

TIMING-18#682 Warning
Missing input or output delay  
An output delay is missing on matrix_c[480] relative to the rising and/or falling clock edge(s) of clk.
Related violations: <none>

TIMING-18#683 Warning
Missing input or output delay  
An output delay is missing on matrix_c[481] relative to the rising and/or falling clock edge(s) of clk.
Related violations: <none>

TIMING-18#684 Warning
Missing input or output delay  
An output delay is missing on matrix_c[482] relative to the rising and/or falling clock edge(s) of clk.
Related violations: <none>

TIMING-18#685 Warning
Missing input or output delay  
An output delay is missing on matrix_c[483] relative to the rising and/or falling clock edge(s) of clk.
Related violations: <none>

TIMING-18#686 Warning
Missing input or output delay  
An output delay is missing on matrix_c[484] relative to the rising and/or falling clock edge(s) of clk.
Related violations: <none>

TIMING-18#687 Warning
Missing input or output delay  
An output delay is missing on matrix_c[485] relative to the rising and/or falling clock edge(s) of clk.
Related violations: <none>

TIMING-18#688 Warning
Missing input or output delay  
An output delay is missing on matrix_c[486] relative to the rising and/or falling clock edge(s) of clk.
Related violations: <none>

TIMING-18#689 Warning
Missing input or output delay  
An output delay is missing on matrix_c[487] relative to the rising and/or falling clock edge(s) of clk.
Related violations: <none>

TIMING-18#690 Warning
Missing input or output delay  
An output delay is missing on matrix_c[488] relative to the rising and/or falling clock edge(s) of clk.
Related violations: <none>

TIMING-18#691 Warning
Missing input or output delay  
An output delay is missing on matrix_c[489] relative to the rising and/or falling clock edge(s) of clk.
Related violations: <none>

TIMING-18#692 Warning
Missing input or output delay  
An output delay is missing on matrix_c[48] relative to the rising and/or falling clock edge(s) of clk.
Related violations: <none>

TIMING-18#693 Warning
Missing input or output delay  
An output delay is missing on matrix_c[490] relative to the rising and/or falling clock edge(s) of clk.
Related violations: <none>

TIMING-18#694 Warning
Missing input or output delay  
An output delay is missing on matrix_c[491] relative to the rising and/or falling clock edge(s) of clk.
Related violations: <none>

TIMING-18#695 Warning
Missing input or output delay  
An output delay is missing on matrix_c[492] relative to the rising and/or falling clock edge(s) of clk.
Related violations: <none>

TIMING-18#696 Warning
Missing input or output delay  
An output delay is missing on matrix_c[493] relative to the rising and/or falling clock edge(s) of clk.
Related violations: <none>

TIMING-18#697 Warning
Missing input or output delay  
An output delay is missing on matrix_c[494] relative to the rising and/or falling clock edge(s) of clk.
Related violations: <none>

TIMING-18#698 Warning
Missing input or output delay  
An output delay is missing on matrix_c[495] relative to the rising and/or falling clock edge(s) of clk.
Related violations: <none>

TIMING-18#699 Warning
Missing input or output delay  
An output delay is missing on matrix_c[496] relative to the rising and/or falling clock edge(s) of clk.
Related violations: <none>

TIMING-18#700 Warning
Missing input or output delay  
An output delay is missing on matrix_c[497] relative to the rising and/or falling clock edge(s) of clk.
Related violations: <none>

TIMING-18#701 Warning
Missing input or output delay  
An output delay is missing on matrix_c[498] relative to the rising and/or falling clock edge(s) of clk.
Related violations: <none>

TIMING-18#702 Warning
Missing input or output delay  
An output delay is missing on matrix_c[499] relative to the rising and/or falling clock edge(s) of clk.
Related violations: <none>

TIMING-18#703 Warning
Missing input or output delay  
An output delay is missing on matrix_c[49] relative to the rising and/or falling clock edge(s) of clk.
Related violations: <none>

TIMING-18#704 Warning
Missing input or output delay  
An output delay is missing on matrix_c[4] relative to the rising and/or falling clock edge(s) of clk.
Related violations: <none>

TIMING-18#705 Warning
Missing input or output delay  
An output delay is missing on matrix_c[500] relative to the rising and/or falling clock edge(s) of clk.
Related violations: <none>

TIMING-18#706 Warning
Missing input or output delay  
An output delay is missing on matrix_c[501] relative to the rising and/or falling clock edge(s) of clk.
Related violations: <none>

TIMING-18#707 Warning
Missing input or output delay  
An output delay is missing on matrix_c[502] relative to the rising and/or falling clock edge(s) of clk.
Related violations: <none>

TIMING-18#708 Warning
Missing input or output delay  
An output delay is missing on matrix_c[503] relative to the rising and/or falling clock edge(s) of clk.
Related violations: <none>

TIMING-18#709 Warning
Missing input or output delay  
An output delay is missing on matrix_c[504] relative to the rising and/or falling clock edge(s) of clk.
Related violations: <none>

TIMING-18#710 Warning
Missing input or output delay  
An output delay is missing on matrix_c[505] relative to the rising and/or falling clock edge(s) of clk.
Related violations: <none>

TIMING-18#711 Warning
Missing input or output delay  
An output delay is missing on matrix_c[506] relative to the rising and/or falling clock edge(s) of clk.
Related violations: <none>

TIMING-18#712 Warning
Missing input or output delay  
An output delay is missing on matrix_c[507] relative to the rising and/or falling clock edge(s) of clk.
Related violations: <none>

TIMING-18#713 Warning
Missing input or output delay  
An output delay is missing on matrix_c[508] relative to the rising and/or falling clock edge(s) of clk.
Related violations: <none>

TIMING-18#714 Warning
Missing input or output delay  
An output delay is missing on matrix_c[509] relative to the rising and/or falling clock edge(s) of clk.
Related violations: <none>

TIMING-18#715 Warning
Missing input or output delay  
An output delay is missing on matrix_c[50] relative to the rising and/or falling clock edge(s) of clk.
Related violations: <none>

TIMING-18#716 Warning
Missing input or output delay  
An output delay is missing on matrix_c[510] relative to the rising and/or falling clock edge(s) of clk.
Related violations: <none>

TIMING-18#717 Warning
Missing input or output delay  
An output delay is missing on matrix_c[511] relative to the rising and/or falling clock edge(s) of clk.
Related violations: <none>

TIMING-18#718 Warning
Missing input or output delay  
An output delay is missing on matrix_c[51] relative to the rising and/or falling clock edge(s) of clk.
Related violations: <none>

TIMING-18#719 Warning
Missing input or output delay  
An output delay is missing on matrix_c[52] relative to the rising and/or falling clock edge(s) of clk.
Related violations: <none>

TIMING-18#720 Warning
Missing input or output delay  
An output delay is missing on matrix_c[53] relative to the rising and/or falling clock edge(s) of clk.
Related violations: <none>

TIMING-18#721 Warning
Missing input or output delay  
An output delay is missing on matrix_c[54] relative to the rising and/or falling clock edge(s) of clk.
Related violations: <none>

TIMING-18#722 Warning
Missing input or output delay  
An output delay is missing on matrix_c[55] relative to the rising and/or falling clock edge(s) of clk.
Related violations: <none>

TIMING-18#723 Warning
Missing input or output delay  
An output delay is missing on matrix_c[56] relative to the rising and/or falling clock edge(s) of clk.
Related violations: <none>

TIMING-18#724 Warning
Missing input or output delay  
An output delay is missing on matrix_c[57] relative to the rising and/or falling clock edge(s) of clk.
Related violations: <none>

TIMING-18#725 Warning
Missing input or output delay  
An output delay is missing on matrix_c[58] relative to the rising and/or falling clock edge(s) of clk.
Related violations: <none>

TIMING-18#726 Warning
Missing input or output delay  
An output delay is missing on matrix_c[59] relative to the rising and/or falling clock edge(s) of clk.
Related violations: <none>

TIMING-18#727 Warning
Missing input or output delay  
An output delay is missing on matrix_c[5] relative to the rising and/or falling clock edge(s) of clk.
Related violations: <none>

TIMING-18#728 Warning
Missing input or output delay  
An output delay is missing on matrix_c[60] relative to the rising and/or falling clock edge(s) of clk.
Related violations: <none>

TIMING-18#729 Warning
Missing input or output delay  
An output delay is missing on matrix_c[61] relative to the rising and/or falling clock edge(s) of clk.
Related violations: <none>

TIMING-18#730 Warning
Missing input or output delay  
An output delay is missing on matrix_c[62] relative to the rising and/or falling clock edge(s) of clk.
Related violations: <none>

TIMING-18#731 Warning
Missing input or output delay  
An output delay is missing on matrix_c[63] relative to the rising and/or falling clock edge(s) of clk.
Related violations: <none>

TIMING-18#732 Warning
Missing input or output delay  
An output delay is missing on matrix_c[64] relative to the rising and/or falling clock edge(s) of clk.
Related violations: <none>

TIMING-18#733 Warning
Missing input or output delay  
An output delay is missing on matrix_c[65] relative to the rising and/or falling clock edge(s) of clk.
Related violations: <none>

TIMING-18#734 Warning
Missing input or output delay  
An output delay is missing on matrix_c[66] relative to the rising and/or falling clock edge(s) of clk.
Related violations: <none>

TIMING-18#735 Warning
Missing input or output delay  
An output delay is missing on matrix_c[67] relative to the rising and/or falling clock edge(s) of clk.
Related violations: <none>

TIMING-18#736 Warning
Missing input or output delay  
An output delay is missing on matrix_c[68] relative to the rising and/or falling clock edge(s) of clk.
Related violations: <none>

TIMING-18#737 Warning
Missing input or output delay  
An output delay is missing on matrix_c[69] relative to the rising and/or falling clock edge(s) of clk.
Related violations: <none>

TIMING-18#738 Warning
Missing input or output delay  
An output delay is missing on matrix_c[6] relative to the rising and/or falling clock edge(s) of clk.
Related violations: <none>

TIMING-18#739 Warning
Missing input or output delay  
An output delay is missing on matrix_c[70] relative to the rising and/or falling clock edge(s) of clk.
Related violations: <none>

TIMING-18#740 Warning
Missing input or output delay  
An output delay is missing on matrix_c[71] relative to the rising and/or falling clock edge(s) of clk.
Related violations: <none>

TIMING-18#741 Warning
Missing input or output delay  
An output delay is missing on matrix_c[72] relative to the rising and/or falling clock edge(s) of clk.
Related violations: <none>

TIMING-18#742 Warning
Missing input or output delay  
An output delay is missing on matrix_c[73] relative to the rising and/or falling clock edge(s) of clk.
Related violations: <none>

TIMING-18#743 Warning
Missing input or output delay  
An output delay is missing on matrix_c[74] relative to the rising and/or falling clock edge(s) of clk.
Related violations: <none>

TIMING-18#744 Warning
Missing input or output delay  
An output delay is missing on matrix_c[75] relative to the rising and/or falling clock edge(s) of clk.
Related violations: <none>

TIMING-18#745 Warning
Missing input or output delay  
An output delay is missing on matrix_c[76] relative to the rising and/or falling clock edge(s) of clk.
Related violations: <none>

TIMING-18#746 Warning
Missing input or output delay  
An output delay is missing on matrix_c[77] relative to the rising and/or falling clock edge(s) of clk.
Related violations: <none>

TIMING-18#747 Warning
Missing input or output delay  
An output delay is missing on matrix_c[78] relative to the rising and/or falling clock edge(s) of clk.
Related violations: <none>

TIMING-18#748 Warning
Missing input or output delay  
An output delay is missing on matrix_c[79] relative to the rising and/or falling clock edge(s) of clk.
Related violations: <none>

TIMING-18#749 Warning
Missing input or output delay  
An output delay is missing on matrix_c[7] relative to the rising and/or falling clock edge(s) of clk.
Related violations: <none>

TIMING-18#750 Warning
Missing input or output delay  
An output delay is missing on matrix_c[80] relative to the rising and/or falling clock edge(s) of clk.
Related violations: <none>

TIMING-18#751 Warning
Missing input or output delay  
An output delay is missing on matrix_c[81] relative to the rising and/or falling clock edge(s) of clk.
Related violations: <none>

TIMING-18#752 Warning
Missing input or output delay  
An output delay is missing on matrix_c[82] relative to the rising and/or falling clock edge(s) of clk.
Related violations: <none>

TIMING-18#753 Warning
Missing input or output delay  
An output delay is missing on matrix_c[83] relative to the rising and/or falling clock edge(s) of clk.
Related violations: <none>

TIMING-18#754 Warning
Missing input or output delay  
An output delay is missing on matrix_c[84] relative to the rising and/or falling clock edge(s) of clk.
Related violations: <none>

TIMING-18#755 Warning
Missing input or output delay  
An output delay is missing on matrix_c[85] relative to the rising and/or falling clock edge(s) of clk.
Related violations: <none>

TIMING-18#756 Warning
Missing input or output delay  
An output delay is missing on matrix_c[86] relative to the rising and/or falling clock edge(s) of clk.
Related violations: <none>

TIMING-18#757 Warning
Missing input or output delay  
An output delay is missing on matrix_c[87] relative to the rising and/or falling clock edge(s) of clk.
Related violations: <none>

TIMING-18#758 Warning
Missing input or output delay  
An output delay is missing on matrix_c[88] relative to the rising and/or falling clock edge(s) of clk.
Related violations: <none>

TIMING-18#759 Warning
Missing input or output delay  
An output delay is missing on matrix_c[89] relative to the rising and/or falling clock edge(s) of clk.
Related violations: <none>

TIMING-18#760 Warning
Missing input or output delay  
An output delay is missing on matrix_c[8] relative to the rising and/or falling clock edge(s) of clk.
Related violations: <none>

TIMING-18#761 Warning
Missing input or output delay  
An output delay is missing on matrix_c[90] relative to the rising and/or falling clock edge(s) of clk.
Related violations: <none>

TIMING-18#762 Warning
Missing input or output delay  
An output delay is missing on matrix_c[91] relative to the rising and/or falling clock edge(s) of clk.
Related violations: <none>

TIMING-18#763 Warning
Missing input or output delay  
An output delay is missing on matrix_c[92] relative to the rising and/or falling clock edge(s) of clk.
Related violations: <none>

TIMING-18#764 Warning
Missing input or output delay  
An output delay is missing on matrix_c[93] relative to the rising and/or falling clock edge(s) of clk.
Related violations: <none>

TIMING-18#765 Warning
Missing input or output delay  
An output delay is missing on matrix_c[94] relative to the rising and/or falling clock edge(s) of clk.
Related violations: <none>

TIMING-18#766 Warning
Missing input or output delay  
An output delay is missing on matrix_c[95] relative to the rising and/or falling clock edge(s) of clk.
Related violations: <none>

TIMING-18#767 Warning
Missing input or output delay  
An output delay is missing on matrix_c[96] relative to the rising and/or falling clock edge(s) of clk.
Related violations: <none>

TIMING-18#768 Warning
Missing input or output delay  
An output delay is missing on matrix_c[97] relative to the rising and/or falling clock edge(s) of clk.
Related violations: <none>

TIMING-18#769 Warning
Missing input or output delay  
An output delay is missing on matrix_c[98] relative to the rising and/or falling clock edge(s) of clk.
Related violations: <none>

TIMING-18#770 Warning
Missing input or output delay  
An output delay is missing on matrix_c[99] relative to the rising and/or falling clock edge(s) of clk.
Related violations: <none>

TIMING-18#771 Warning
Missing input or output delay  
An output delay is missing on matrix_c[9] relative to the rising and/or falling clock edge(s) of clk.
Related violations: <none>


